store,websites,attribute_set,configurable_attributes,type,category_ids,sku,has_options,name,meta_title,meta_description,image,small_image,thumbnail,media_gallery,url_key, url_path,custom_design,page_layout,options_container,image_label,small_image_label,thumbnail_label,country_of_manufacture,msrp_enabled,msrp_display_actual_price_type,gift_message_available,gift_wrapping_available,manufacturer,status,is_recurring,visibility,tax_class_id,material,apparel_type,sleeve_length,fit,size,length,gender,description,short_description,meta_keyword,custom_layout_update,special_from_date,special_to_date,news_from_date,news_to_date,custom_design_from,custom_design_to,price,special_price,weight,msrp,gift_wrapping_price,qty,min_qty,use_config_min_qty,is_qty_decimal,backorders,use_config_backorders,min_sale_qty,use_config_min_sale_qty,max_sale_qty,use_config_max_sale_qty,is_in_stock,low_stock_date,notify_stock_qty,use_config_notify_stock_qty,manage_stock,use_config_manage_stock,stock_status_changed_auto,use_config_qty_increments,qty_increments,use_config_enable_qty_inc,enable_qty_increments,is_decimal_divided,stock_status_changed_automatically,use_config_enable_qty_increments,product_name,store_id,product_type_id,product_status_changed,product_changed_websites
"admin","base","Default","","simple","14,170,171","B00XBN2B4G", 0,"BABY-PLUS CompactStyle","","",/B00XBN2B4G_0.jpg,/B00XBN2B4G_0.jpg,/B00XBN2B4G_0.jpg,/B00XBN2B4G_0.jpg;/B00XBN2B4G_1.jpg,"BABY-PLUS-CompactStyle","BABY-PLUS-CompactStyle.html","",1 column,Product Info Column,"","","","",Use config,Use config,No,No,德品国际,Enabled,No,"Catalog, Search",Taxable Goods,"",Knits,"",,S,,Male,"<ul class='a-vertical a-spacing-none'><li><span style='font-size:15px'> BABY-PLUS CompactStyle F 15-11 (y)</span></li><li><span style='font-size:15px'> BABY-PLUS CompactStyle F 15-11 (y)</span></li></ul><span class='caretnext'></span><a id='seeMoreDetailsLink' class='a-link-normal' href='#productDetails'>Weitere Produktdetails</a>","<ul></ul>",,,,,2013-03-01 00:00:00,,,,"1000000.0","58.63","",,,0,0,1,0,0,1,1,1,0,1,0,,,1,0,1,0,1,0,1,0,0,0,1,Lexington Cardigan Sweater,0,simple,,
"admin","base","Default","","simple","14,170,171","B00XBN2C7C", 0,"BABY-PLUS CompactStyle","","",/B00XBN2C7C_0.jpg,/B00XBN2C7C_0.jpg,/B00XBN2C7C_0.jpg,/B00XBN2C7C_0.jpg;/B00XBN2C7C_1.jpg,"BABY-PLUS-CompactStyle","BABY-PLUS-CompactStyle.html","",1 column,Product Info Column,"","","","",Use config,Use config,No,No,德品国际,Enabled,No,"Catalog, Search",Taxable Goods,"",Knits,"",,S,,Male,"<ul class='a-vertical a-spacing-none'><li><span style='font-size:15px'> BABY-PLUS CompactStyle F 15-25 (Black)</span></li><li><span style='font-size:15px'> BABY-PLUS CompactStyle F 15-25 (Black)</span></li></ul><span class='caretnext'></span><a id='seeMoreDetailsLink' class='a-link-normal' href='#productDetails'>Weitere Produktdetails</a>","<ul></ul>",,,,,2013-03-01 00:00:00,,,,"1000000.0","58.63","",,,0,0,1,0,0,1,1,1,0,1,0,,,1,0,1,0,1,0,1,0,0,0,1,Lexington Cardigan Sweater,0,simple,,
"admin","base","Default","","simple","14,170,171","B00XBN2DJY", 0,"BABY-PLUS CompactStyle","","",/B00XBN2DJY_0.jpg,/B00XBN2DJY_0.jpg,/B00XBN2DJY_0.jpg,/B00XBN2DJY_0.jpg;/B00XBN2DJY_1.jpg,"BABY-PLUS-CompactStyle","BABY-PLUS-CompactStyle.html","",1 column,Product Info Column,"","","","",Use config,Use config,No,No,德品国际,Enabled,No,"Catalog, Search",Taxable Goods,"",Knits,"",,S,,Male,"<ul class='a-vertical a-spacing-none'><li><span style='font-size:15px'> BABY-PLUS CompactStyle F 15-08 (Denim)</span></li><li><span style='font-size:15px'> BABY-PLUS CompactStyle F 15-08 (Denim)</span></li></ul><span class='caretnext'></span><a id='seeMoreDetailsLink' class='a-link-normal' href='#productDetails'>Weitere Produktdetails</a>","<ul></ul>",,,,,2013-03-01 00:00:00,,,,"1000000.0","58.63","",,,0,0,1,0,0,1,1,1,0,1,0,,,1,0,1,0,1,0,1,0,0,0,1,Lexington Cardigan Sweater,0,simple,,
"admin","base","Default","","simple","14,170,171","B00XBN2EYS", 0,"BABY-PLUS CompactPlus","","",/B00XBN2EYS_0.jpg,/B00XBN2EYS_0.jpg,/B00XBN2EYS_0.jpg,/B00XBN2EYS_0.jpg;/B00XBN2EYS_1.jpg,"BABY-PLUS-CompactPlus","BABY-PLUS-CompactPlus.html","",1 column,Product Info Column,"","","","",Use config,Use config,No,No,德品国际,Enabled,No,"Catalog, Search",Taxable Goods,"",Knits,"",,S,,Male,"<ul class='a-vertical a-spacing-none'><li><span style='font-size:15px'> BABY-PLUS CompactPlus F 15-41 (Grün)</span></li><li><span style='font-size:15px'> BABY-PLUS CompactPlus F 15-41 (Grün)</span></li></ul><span class='caretnext'></span><a id='seeMoreDetailsLink' class='a-link-normal' href='#productDetails'>Weitere Produktdetails</a>","<ul></ul>",,,,,2013-03-01 00:00:00,,,,"1000000.0","48.56","",,,0,0,1,0,0,1,1,1,0,1,0,,,1,0,1,0,1,0,1,0,0,0,1,Lexington Cardigan Sweater,0,simple,,
"admin","base","Default","","simple","14,170,171","B00XBN2G1E", 0,"BABY-PLUS CompactPlus","","",/B00XBN2G1E_0.jpg,/B00XBN2G1E_0.jpg,/B00XBN2G1E_0.jpg,/B00XBN2G1E_0.jpg;/B00XBN2G1E_1.jpg,"BABY-PLUS-CompactPlus","BABY-PLUS-CompactPlus.html","",1 column,Product Info Column,"","","","",Use config,Use config,No,No,德品国际,Enabled,No,"Catalog, Search",Taxable Goods,"",Knits,"",,S,,Male,"<ul class='a-vertical a-spacing-none'><li><span style='font-size:15px'> BABY-PLUS CompactPlus F 15-25 ()</span></li><li><span style='font-size:15px'> BABY-PLUS CompactPlus F 15-25 ()</span></li></ul><span class='caretnext'></span><a id='seeMoreDetailsLink' class='a-link-normal' href='#productDetails'>Weitere Produktdetails</a>","<ul></ul>",,,,,2013-03-01 00:00:00,,,,"1000000.0","48.56","",,,0,0,1,0,0,1,1,1,0,1,0,,,1,0,1,0,1,0,1,0,0,0,1,Lexington Cardigan Sweater,0,simple,,
"admin","base","Default","","simple","14,170,171","B00XBN2H9A", 0,"BABY-PLUS CompactPlus","","",/B00XBN2H9A_0.jpg,/B00XBN2H9A_0.jpg,/B00XBN2H9A_0.jpg,/B00XBN2H9A_0.jpg;/B00XBN2H9A_1.jpg,"BABY-PLUS-CompactPlus","BABY-PLUS-CompactPlus.html","",1 column,Product Info Column,"","","","",Use config,Use config,No,No,德品国际,Enabled,No,"Catalog, Search",Taxable Goods,"",Knits,"",,S,,Male,"<ul class='a-vertical a-spacing-none'><li><span style='font-size:15px'> BABY-PLUS CompactPlus F 15-13 (Cappuccino)</span></li><li><span style='font-size:15px'> BABY-PLUS CompactPlus F 15-13 (Cappuccino)</span></li></ul><span class='caretnext'></span><a id='seeMoreDetailsLink' class='a-link-normal' href='#productDetails'>Weitere Produktdetails</a>","<ul></ul>",,,,,2013-03-01 00:00:00,,,,"1000000.0","48.56","",,,0,0,1,0,0,1,1,1,0,1,0,,,1,0,1,0,1,0,1,0,0,0,1,Lexington Cardigan Sweater,0,simple,,
"admin","base","Default","","simple","14,170,171","B00XBN2LF0", 0,"BABY-PLUS MatchPro","","",/B00XBN2LF0_0.jpg,/B00XBN2LF0_0.jpg,/B00XBN2LF0_0.jpg,/B00XBN2LF0_0.jpg;/B00XBN2LF0_1.jpg,"BABY-PLUS-MatchPro","BABY-PLUS-MatchPro.html","",1 column,Product Info Column,"","","","",Use config,Use config,No,No,德品国际,Enabled,No,"Catalog, Search",Taxable Goods,"",Knits,"",,S,,Male,"<ul class='a-vertical a-spacing-none'><li><span style='font-size:15px'> BABY-PLUS MatchPro F 15-13 (Cappuccino)</span></li><li><span style='font-size:15px'> BABY-PLUS MatchPro F 15-13 (Cappuccino)</span></li></ul><span class='caretnext'></span><a id='seeMoreDetailsLink' class='a-link-normal' href='#productDetails'>Weitere Produktdetails</a>","<ul></ul>",,,,,2013-03-01 00:00:00,,,,"1000000.0","38.97","",,,0,0,1,0,0,1,1,1,0,1,0,,,1,0,1,0,1,0,1,0,0,0,1,Lexington Cardigan Sweater,0,simple,,
"admin","base","Default","","simple","14,170,171","B00XBN2K8S", 0,"BABY-PLUS MatchPro","","",/B00XBN2K8S_0.jpg,/B00XBN2K8S_0.jpg,/B00XBN2K8S_0.jpg,/B00XBN2K8S_0.jpg;/B00XBN2K8S_1.jpg,"BABY-PLUS-MatchPro","BABY-PLUS-MatchPro.html","",1 column,Product Info Column,"","","","",Use config,Use config,No,No,德品国际,Enabled,No,"Catalog, Search",Taxable Goods,"",Knits,"",,S,,Male,"<ul class='a-vertical a-spacing-none'><li><span style='font-size:15px'> BABY-PLUS MatchPro F 15-25 ()</span></li><li><span style='font-size:15px'> BABY-PLUS MatchPro F 15-25 ()</span></li></ul><span class='caretnext'></span><a id='seeMoreDetailsLink' class='a-link-normal' href='#productDetails'>Weitere Produktdetails</a>","<ul></ul>",,,,,2013-03-01 00:00:00,,,,"1000000.0","38.97","",,,0,0,1,0,0,1,1,1,0,1,0,,,1,0,1,0,1,0,1,0,0,0,1,Lexington Cardigan Sweater,0,simple,,
"admin","base","Default","","simple","14,170,171","B00XBN2LF0", 0,"BABY-PLUS MatchPro","","",/B00XBN2LF0_0.jpg,/B00XBN2LF0_0.jpg,/B00XBN2LF0_0.jpg,/B00XBN2LF0_0.jpg;/B00XBN2LF0_1.jpg,"BABY-PLUS-MatchPro","BABY-PLUS-MatchPro.html","",1 column,Product Info Column,"","","","",Use config,Use config,No,No,德品国际,Enabled,No,"Catalog, Search",Taxable Goods,"",Knits,"",,S,,Male,"<ul class='a-vertical a-spacing-none'><li><span style='font-size:15px'> BABY-PLUS MatchPro F 15-13 (Cappuccino)</span></li><li><span style='font-size:15px'> BABY-PLUS MatchPro F 15-13 (Cappuccino)</span></li></ul><span class='caretnext'></span><a id='seeMoreDetailsLink' class='a-link-normal' href='#productDetails'>Weitere Produktdetails</a>","<ul></ul>",,,,,2013-03-01 00:00:00,,,,"1000000.0","38.97","",,,0,0,1,0,0,1,1,1,0,1,0,,,1,0,1,0,1,0,1,0,0,0,1,Lexington Cardigan Sweater,0,simple,,
"admin","base","Default","","simple","14,170,171","B00GVCDMTM", 0,"BABY-PLUS CompactTwin","","",/B00GVCDMTM_0.jpg,/B00GVCDMTM_0.jpg,/B00GVCDMTM_0.jpg,/B00GVCDMTM_0.jpg,"BABY-PLUS-CompactTwin","BABY-PLUS-CompactTwin.html","",1 column,Product Info Column,"","","","",Use config,Use config,No,No,德品国际,Enabled,No,"Catalog, Search",Taxable Goods,"",Knits,"",,S,,Male,"<ul class='a-vertical a-spacing-none'><li><span style='font-size:15px'> BABY-PLUS CompactTwin H 14-01 (Cacao)</span></li><li><span style='font-size:15px'> BABY-PLUS CompactTwin H 14-01 (Cacao)</span></li></ul><span class='caretnext'></span><a id='seeMoreDetailsLink' class='a-link-normal' href='#productDetails'>Weitere Produktdetails</a>","<ul><li><b></b>:&nbsp5-Punkte-Sicherheits-Gurt, Sicherheitsbügel, Verdeck, Einkaufsnetz, kompakt klappbar, Schwenkrä, Einhändig klappbar</li><li><b></b>:&nbspBlick in Fahrtrichtung</li></ul>",,,,,2013-03-01 00:00:00,,,,"299.0","150.6","",,,5,0,1,0,0,1,1,1,0,1,1,,,1,0,1,0,1,0,1,0,0,0,1,Lexington Cardigan Sweater,0,simple,,
"admin","base","Default","","simple","14,170,171","B00GVCC8CO", 0,"BABY-PLUS CompactTwin","","",/B00GVCC8CO_0.jpg,/B00GVCC8CO_0.jpg,/B00GVCC8CO_0.jpg,/B00GVCC8CO_0.jpg,"BABY-PLUS-CompactTwin","BABY-PLUS-CompactTwin.html","",1 column,Product Info Column,"","","","",Use config,Use config,No,No,德品国际,Enabled,No,"Catalog, Search",Taxable Goods,"",Knits,"",,S,,Male,"<ul class='a-vertical a-spacing-none'><li><span style='font-size:15px'> BABY-PLUS CompactTwin H 14-02 (y)</span></li><li><span style='font-size:15px'> BABY-PLUS CompactTwin H 14-02 (y)</span></li></ul><span class='caretnext'></span><a id='seeMoreDetailsLink' class='a-link-normal' href='#productDetails'>Weitere Produktdetails</a>","<ul><li><b></b>:&nbsp5-Punkte-Sicherheits-Gurt, Sicherheitsbügel, Verdeck, Einkaufsnetz, kompakt klappbar, Schwenkrä, Einhändig klappbar</li><li><b></b>:&nbspBlick in Fahrtrichtung</li></ul>",,,,,2013-03-01 00:00:00,,,,"299.0","150.6","",,,5,0,1,0,0,1,1,1,0,1,1,,,1,0,1,0,1,0,1,0,0,0,1,Lexington Cardigan Sweater,0,simple,,
"admin","base","Default","","simple","14,170,171","B00XBN2MU4", 0,"BABY-PLUS AirTec DUO","","",/B00XBN2MU4_0.jpg,/B00XBN2MU4_0.jpg,/B00XBN2MU4_0.jpg,/B00XBN2MU4_0.jpg;/B00XBN2MU4_1.jpg,"BABY-PLUS-AirTec-DUO","BABY-PLUS-AirTec-DUO.html","",1 column,Product Info Column,"","","","",Use config,Use config,No,No,德品国际,Enabled,No,"Catalog, Search",Taxable Goods,"",Knits,"",,S,,Male,"<ul class='a-vertical a-spacing-none'><li><span style='font-size:15px'> BABY-PLUS AirTec DUO H 14-20 (Anthrazit-y)</span></li><li><span style='font-size:15px'> BABY-PLUS AirTec DUO H 14-20 (Anthrazit-y)</span></li></ul><span class='caretnext'></span><a id='seeMoreDetailsLink' class='a-link-normal' href='#productDetails'>Weitere Produktdetails</a>","<ul></ul>",,,,,2013-03-01 00:00:00,,,,"199.0","119.93","",,,5,0,1,0,0,1,1,1,0,1,1,,,1,0,1,0,1,0,1,0,0,0,1,Lexington Cardigan Sweater,0,simple,,
"admin","base","Default","","simple","14,170,171","B00XL7COC6", 0,"BABY-PLUS Marbella Sitzbuggy","","",/B00XL7COC6_0.jpg,/B00XL7COC6_0.jpg,/B00XL7COC6_0.jpg,/B00XL7COC6_0.jpg;/B00XL7COC6_1.jpg,"BABY-PLUS-Marbella-Sitzbuggy","BABY-PLUS-Marbella-Sitzbuggy.html","",1 column,Product Info Column,"","","","",Use config,Use config,No,No,德品国际,Enabled,No,"Catalog, Search",Taxable Goods,"",Knits,"",,S,,Male,"<ul class='a-vertical a-spacing-none'><li><span style='font-size:15px'> 5-Punkt-Gurtsystem</span></li><li><span style='font-size:15px'> leichte Buggy</span></li><li><span style='font-size:15px'></span></li><li><span style='font-size:15px'></span></li></ul><span class='caretnext'></span><a id='seeMoreDetailsLink' class='a-link-normal' href='#productDetails'>Weitere Produktdetails</a>","<ul><li><b></b>:&nbsp5-Punkte-Sicherheits-Gurt, kompakt klappbar, Schwenkrä</li></ul>",,,,,2013-03-01 00:00:00,,,,"1000000.0","18.5","",,,0,0,1,0,0,1,1,1,0,1,0,,,1,0,1,0,1,0,1,0,0,0,1,Lexington Cardigan Sweater,0,simple,,
"admin","base","Default","","simple","14,170,172","B0132QS1UE", 0,"CHICCO Lite Way","","",/B0132QS1UE_0.jpg,/B0132QS1UE_0.jpg,/B0132QS1UE_0.jpg,/B0132QS1UE_0.jpg;/B0132QS1UE_1.jpg,"CHICCO-Lite-Way","CHICCO-Lite-Way.html","",1 column,Product Info Column,"","","","",Use config,Use config,No,No,德品国际,Enabled,No,"Catalog, Search",Taxable Goods,"Grau, Schwarz",Knits,"",,S,,Male,"<ul class='a-vertical a-spacing-none'><li><span style='font-size:15px'> Liteway bietet  trendbewussten Mutter einen moner  eleganten Look  ist dabei herrlich wenig in  Stadt  im Park unterwegs.</span></li><li><span style='font-size:15px'> Empfohlen ab  Geburt  15 kg Körpergewicht</span></li><li><span style='font-size:15px'> Super leichtes Gestell,wiegt nur r 7 kg.</span></li><li><span style='font-size:15px'> 5-fach verstellbare feste Rückenlehne Einhand-Benung. Gewährleistetin Verbindung   verstellbarenBeinstütze  richtige Haltung desKindes von 0  3 Jahren.</span></li><li><span style='font-size:15px'> Superleicht  platzsparendzusammenklappbar Schirm-Schließmechanismus.</span></li></ul><span class='caretnext'></span><a id='seeMoreDetailsLink' class='a-link-normal' href='#productDetails'>Weitere Produktdetails</a>","<ul><li><b></b>:&nbsp06079546220000</li><li><b></b>:&nbsp7 Kg</li><li><b></b>:&nbsp29 x 25,5 x 109 cm</li><li><b></b>:&nbsp, </li><li><b></b>:&nbsp</li><li><b></b>:&nbsp15 Kilogramm</li><li><b></b>:&nbsp</li><li><b></b>:&nbsp</li><li><b></b>:&nbspBlick in Fahrtrichtung</li></ul>",,,,,2013-03-01 00:00:00,,,,"139.0","77.21","7",,,5,0,1,0,0,1,1,1,0,1,1,,,1,0,1,0,1,0,1,0,0,0,1,Lexington Cardigan Sweater,0,simple,,
"admin","base","Default","","simple","14,170,172","B0132QS1UE", 0,"CHICCO Lite Way","","",/B0132QS1UE_0.jpg,/B0132QS1UE_0.jpg,/B0132QS1UE_0.jpg,/B0132QS1UE_0.jpg;/B0132QS1UE_1.jpg,"CHICCO-Lite-Way","CHICCO-Lite-Way.html","",1 column,Product Info Column,"","","","",Use config,Use config,No,No,德品国际,Enabled,No,"Catalog, Search",Taxable Goods,"Grau, Schwarz",Knits,"",,S,,Male,"<ul class='a-vertical a-spacing-none'><li><span style='font-size:15px'> Liteway bietet  trendbewussten Mutter einen moner  eleganten Look  ist dabei herrlich wenig in  Stadt  im Park unterwegs.</span></li><li><span style='font-size:15px'> Empfohlen ab  Geburt  15 kg Körpergewicht</span></li><li><span style='font-size:15px'> Super leichtes Gestell,wiegt nur r 7 kg.</span></li><li><span style='font-size:15px'> 5-fach verstellbare feste Rückenlehne Einhand-Benung. Gewährleistetin Verbindung   verstellbarenBeinstütze  richtige Haltung desKindes von 0  3 Jahren.</span></li><li><span style='font-size:15px'> Superleicht  platzsparendzusammenklappbar Schirm-Schließmechanismus.</span></li></ul><span class='caretnext'></span><a id='seeMoreDetailsLink' class='a-link-normal' href='#productDetails'>Weitere Produktdetails</a>","<ul><li><b></b>:&nbsp06079546220000</li><li><b></b>:&nbsp7 Kg</li><li><b></b>:&nbsp29 x 25,5 x 109 cm</li><li><b></b>:&nbsp, </li><li><b></b>:&nbsp</li><li><b></b>:&nbsp15 Kilogramm</li><li><b></b>:&nbsp</li><li><b></b>:&nbsp</li><li><b></b>:&nbspBlick in Fahrtrichtung</li></ul>",,,,,2013-03-01 00:00:00,,,,"139.0","77.21","7",,,5,0,1,0,0,1,1,1,0,1,1,,,1,0,1,0,1,0,1,0,0,0,1,Lexington Cardigan Sweater,0,simple,,
"admin","base","Default","","simple","14,170,172","B0132QS1UE", 0,"CHICCO Lite Way","","",/B0132QS1UE_0.jpg,/B0132QS1UE_0.jpg,/B0132QS1UE_0.jpg,/B0132QS1UE_0.jpg;/B0132QS1UE_1.jpg,"CHICCO-Lite-Way","CHICCO-Lite-Way.html","",1 column,Product Info Column,"","","","",Use config,Use config,No,No,德品国际,Enabled,No,"Catalog, Search",Taxable Goods,"Grau, Schwarz",Knits,"",,S,,Male,"<ul class='a-vertical a-spacing-none'><li><span style='font-size:15px'> Liteway bietet  trendbewussten Mutter einen moner  eleganten Look  ist dabei herrlich wenig in  Stadt  im Park unterwegs.</span></li><li><span style='font-size:15px'> Empfohlen ab  Geburt  15 kg Körpergewicht</span></li><li><span style='font-size:15px'> Super leichtes Gestell,wiegt nur r 7 kg.</span></li><li><span style='font-size:15px'> 5-fach verstellbare feste Rückenlehne Einhand-Benung. Gewährleistetin Verbindung   verstellbarenBeinstütze  richtige Haltung desKindes von 0  3 Jahren.</span></li><li><span style='font-size:15px'> Superleicht  platzsparendzusammenklappbar Schirm-Schließmechanismus.</span></li></ul><span class='caretnext'></span><a id='seeMoreDetailsLink' class='a-link-normal' href='#productDetails'>Weitere Produktdetails</a>","<ul><li><b></b>:&nbsp06079546220000</li><li><b></b>:&nbsp7 Kg</li><li><b></b>:&nbsp29 x 25,5 x 109 cm</li><li><b></b>:&nbsp, </li><li><b></b>:&nbsp</li><li><b></b>:&nbsp15 Kilogramm</li><li><b></b>:&nbsp</li><li><b></b>:&nbsp</li><li><b></b>:&nbspBlick in Fahrtrichtung</li></ul>",,,,,2013-03-01 00:00:00,,,,"139.0","77.21","7",,,5,0,1,0,0,1,1,1,0,1,1,,,1,0,1,0,1,0,1,0,0,0,1,Lexington Cardigan Sweater,0,simple,,
"admin","base","Default","","simple","14,170,172","B00F96I4SK", 0,"CHICCO London Up","","",/B00F96I4SK_0.jpg,/B00F96I4SK_0.jpg,/B00F96I4SK_0.jpg,/B00F96I4SK_0.jpg;/B00F96I4SK_1.jpg;/B00F96I4SK_2.jpg;/B00F96I4SK_3.jpg;/B00F96I4SK_4.jpg,"CHICCO-London-Up","CHICCO-London-Up.html","",1 column,Product Info Column,"","","","",Use config,Use config,No,No,德品国际,Enabled,No,"Catalog, Search",Taxable Goods,"HOOP",Knits,"",,S,,Male,"<ul class='a-vertical a-spacing-none'><li><span style='font-size:15px'> Ink. Regenschutz  Frontbügel</span></li></ul><span class='caretnext'></span><a id='seeMoreDetailsLink' class='a-link-normal' href='#productDetails'>Weitere Produktdetails</a>","<ul><li><b></b>:&nbspNone</li><li><b></b>:&nbspJa</li><li><b></b>:&nbsp06079258080000</li><li><b></b>:&nbsp7 Kg</li><li><b></b>:&nbsp104 x 83 x 46,5 cm</li><li><b></b>:&nbspStahl</li><li><b></b>:&nbsp2015</li><li><b></b>:&nbspBUGGY LONDON UP HOOP +FB</li><li><b></b>:&nbspHOOP</li><li><b></b>:&nbsp</li><li><b></b>:&nbsp15 Kilogramm</li><li><b></b>:&nbsp</li><li><b></b>:&nbspRegenschutz</li><li><b></b>:&nbsp</li><li><b></b>:&nbsp5-Punkt-Gurt</li><li><b></b>:&nbsp1</li><li><b></b>:&nbsp36.00 cm</li><li><b></b>:&nbsp84.00 cm</li><li><b></b>:&nbspKunststoffrad</li><li><b></b>:&nbsp15.00 cm</li><li><b></b>:&nbsp104.00 cm</li></ul>",,,,,2013-03-01 00:00:00,,,,"99.9","57.34","7",,,5,0,1,0,0,1,1,1,0,1,1,,,1,0,1,0,1,0,1,0,0,0,1,Lexington Cardigan Sweater,0,simple,,
"admin","base","Default","","simple","14,170,172","B00F96I4SK", 0,"CHICCO London Up","","",/B00F96I4SK_0.jpg,/B00F96I4SK_0.jpg,/B00F96I4SK_0.jpg,/B00F96I4SK_0.jpg;/B00F96I4SK_1.jpg;/B00F96I4SK_2.jpg;/B00F96I4SK_3.jpg;/B00F96I4SK_4.jpg,"CHICCO-London-Up","CHICCO-London-Up.html","",1 column,Product Info Column,"","","","",Use config,Use config,No,No,德品国际,Enabled,No,"Catalog, Search",Taxable Goods,"HOOP",Knits,"",,S,,Male,"<ul class='a-vertical a-spacing-none'><li><span style='font-size:15px'> Ink. Regenschutz  Frontbügel</span></li></ul><span class='caretnext'></span><a id='seeMoreDetailsLink' class='a-link-normal' href='#productDetails'>Weitere Produktdetails</a>","<ul><li><b></b>:&nbspNone</li><li><b></b>:&nbspJa</li><li><b></b>:&nbsp06079258080000</li><li><b></b>:&nbsp7 Kg</li><li><b></b>:&nbsp104 x 83 x 46,5 cm</li><li><b></b>:&nbspStahl</li><li><b></b>:&nbsp2015</li><li><b></b>:&nbspBUGGY LONDON UP HOOP +FB</li><li><b></b>:&nbspHOOP</li><li><b></b>:&nbsp</li><li><b></b>:&nbsp15 Kilogramm</li><li><b></b>:&nbsp</li><li><b></b>:&nbspRegenschutz</li><li><b></b>:&nbsp</li><li><b></b>:&nbsp5-Punkt-Gurt</li><li><b></b>:&nbsp1</li><li><b></b>:&nbsp36.00 cm</li><li><b></b>:&nbsp84.00 cm</li><li><b></b>:&nbspKunststoffrad</li><li><b></b>:&nbsp15.00 cm</li><li><b></b>:&nbsp104.00 cm</li></ul>",,,,,2013-03-01 00:00:00,,,,"99.9","57.34","7",,,5,0,1,0,0,1,1,1,0,1,1,,,1,0,1,0,1,0,1,0,0,0,1,Lexington Cardigan Sweater,0,simple,,
"admin","base","Default","","simple","14,170,173","B017VBC698", 0,"HARTAN iX1 Buggy 923","","",/B017VBC698_0.jpg,/B017VBC698_0.jpg,/B017VBC698_0.jpg,/B017VBC698_0.jpg,"HARTAN-iX1-Buggy-923","HARTAN-iX1-Buggy-923.html","",1 column,Product Info Column,"","","","",Use config,Use config,No,No,德品国际,Enabled,No,"Catalog, Search",Taxable Goods,"",Knits,"",,S,,Male,"<ul class='a-vertical a-spacing-none'><li><span style='font-size:15px'> HARTAN iX1 Buggy 923</span></li><li><span style='font-size:15px'> HARTAN iX1 Buggy 923</span></li></ul><span class='caretnext'></span><a id='seeMoreDetailsLink' class='a-link-normal' href='#productDetails'>Weitere Produktdetails</a>","<ul></ul>",,,,,2013-03-01 00:00:00,,,,"329.0","193.0","",,,5,0,1,0,0,1,1,1,0,1,1,,,1,0,1,0,1,0,1,0,0,0,1,Lexington Cardigan Sweater,0,simple,,
"admin","base","Default","","simple","14,170,173","B017VBC9LI", 0,"HARTAN iX1 Buggy 932","","",/B017VBC9LI_0.jpg,/B017VBC9LI_0.jpg,/B017VBC9LI_0.jpg,/B017VBC9LI_0.jpg,"HARTAN-iX1-Buggy-932","HARTAN-iX1-Buggy-932.html","",1 column,Product Info Column,"","","","",Use config,Use config,No,No,德品国际,Enabled,No,"Catalog, Search",Taxable Goods,"",Knits,"",,S,,Male,"<ul class='a-vertical a-spacing-none'><li><span style='font-size:15px'> HARTAN iX1 Buggy 932</span></li><li><span style='font-size:15px'> HARTAN iX1 Buggy 932</span></li></ul><span class='caretnext'></span><a id='seeMoreDetailsLink' class='a-link-normal' href='#productDetails'>Weitere Produktdetails</a>","<ul></ul>",,,,,2013-03-01 00:00:00,,,,"329.0","193.0","",,,5,0,1,0,0,1,1,1,0,1,1,,,1,0,1,0,1,0,1,0,0,0,1,Lexington Cardigan Sweater,0,simple,,
"admin","base","Default","","simple","14,170,173","B017VBC7EC", 0,"HARTAN iX1 Buggy 943","","",/B017VBC7EC_0.jpg,/B017VBC7EC_0.jpg,/B017VBC7EC_0.jpg,/B017VBC7EC_0.jpg,"HARTAN-iX1-Buggy-943","HARTAN-iX1-Buggy-943.html","",1 column,Product Info Column,"","","","",Use config,Use config,No,No,德品国际,Enabled,No,"Catalog, Search",Taxable Goods,"",Knits,"",,S,,Male,"<ul class='a-vertical a-spacing-none'><li><span style='font-size:15px'> HARTAN iX1 Buggy 943</span></li><li><span style='font-size:15px'> HARTAN iX1 Buggy 943</span></li></ul><span class='caretnext'></span><a id='seeMoreDetailsLink' class='a-link-normal' href='#productDetails'>Weitere Produktdetails</a>","<ul></ul>",,,,,2013-03-01 00:00:00,,,,"329.0","193.0","",,,5,0,1,0,0,1,1,1,0,1,1,,,1,0,1,0,1,0,1,0,0,0,1,Lexington Cardigan Sweater,0,simple,,
"admin","base","Default","","simple","14,170,173","B017VBC8G4", 0,"HARTAN iX1 Buggy 928","","",/B017VBC8G4_0.jpg,/B017VBC8G4_0.jpg,/B017VBC8G4_0.jpg,/B017VBC8G4_0.jpg,"HARTAN-iX1-Buggy-928","HARTAN-iX1-Buggy-928.html","",1 column,Product Info Column,"","","","",Use config,Use config,No,No,德品国际,Enabled,No,"Catalog, Search",Taxable Goods,"",Knits,"",,S,,Male,"<ul class='a-vertical a-spacing-none'><li><span style='font-size:15px'> HARTAN iX1 Buggy 928</span></li><li><span style='font-size:15px'> HARTAN iX1 Buggy 928</span></li></ul><span class='caretnext'></span><a id='seeMoreDetailsLink' class='a-link-normal' href='#productDetails'>Weitere Produktdetails</a>","<ul></ul>",,,,,2013-03-01 00:00:00,,,,"329.0","193.0","",,,5,0,1,0,0,1,1,1,0,1,1,,,1,0,1,0,1,0,1,0,0,0,1,Lexington Cardigan Sweater,0,simple,,
"admin","base","Default","","simple","14,170,174","B00CSV9SFC", 0,"GESSLEIN Swift, anthrazit","","",/B00CSV9SFC_0.jpg,/B00CSV9SFC_0.jpg,/B00CSV9SFC_0.jpg,/B00CSV9SFC_0.jpg,"GESSLEIN-Swift,-anthrazit","GESSLEIN-Swift,-anthrazit.html","",1 column,Product Info Column,"","","","",Use config,Use config,No,No,德品国际,Enabled,No,"Catalog, Search",Taxable Goods,"Grau",Knits,"",,S,,Male,"<ul class='a-vertical a-spacing-none'><li><span style='font-size:15px'> GESSLEIN Swift, anthrazit schwarz</span></li><li><span style='font-size:15px'> GESSLEIN Swift, anthrazit schwarz</span></li></ul><span class='caretnext'></span><a id='seeMoreDetailsLink' class='a-link-normal' href='#productDetails'>Weitere Produktdetails</a>","<ul><li><b></b>:&nbsp13 Kg</li><li><b></b>:&nbsp</li><li><b></b>:&nbsp, 5-Punkte-Sicherheits-Gurt, Einkaufsnetz</li><li><b></b>:&nbspBlick in Fahrtrichtung</li></ul>",,,,,2013-03-01 00:00:00,,,,"199.0","89.47","13",,,5,0,1,0,0,1,1,1,0,1,1,,,1,0,1,0,1,0,1,0,0,0,1,Lexington Cardigan Sweater,0,simple,,
"admin","base","Default","","simple","14,170,174","B00CSV9RCG", 0,"GESSLEIN Swift, anthrazit","","",/B00CSV9RCG_0.jpg,/B00CSV9RCG_0.jpg,/B00CSV9RCG_0.jpg,/B00CSV9RCG_0.jpg,"GESSLEIN-Swift,-anthrazit","GESSLEIN-Swift,-anthrazit.html","",1 column,Product Info Column,"","","","",Use config,Use config,No,No,德品国际,Enabled,No,"Catalog, Search",Taxable Goods,"",Knits,"",,S,,Male,"<ul class='a-vertical a-spacing-none'><li><span style='font-size:15px'> GESSLEIN Swift, anthrazit apfel</span></li><li><span style='font-size:15px'> GESSLEIN Swift, anthrazit apfel</span></li></ul><span class='caretnext'></span><a id='seeMoreDetailsLink' class='a-link-normal' href='#productDetails'>Weitere Produktdetails</a>","<ul><li><b></b>:&nbsp13 Kg</li><li><b></b>:&nbsp, 5-Punkte-Sicherheits-Gurt, Einkaufsnetz</li><li><b></b>:&nbspBlick in Fahrtrichtung</li></ul>",,,,,2013-03-01 00:00:00,,,,"199.0","89.47","13",,,5,0,1,0,0,1,1,1,0,1,1,,,1,0,1,0,1,0,1,0,0,0,1,Lexington Cardigan Sweater,0,simple,,
"admin","base","Default","","simple","14,170,174","B00GVCDRJW", 0,"GESSLEIN Swift, anthrazit","","",/B00GVCDRJW_0.jpg,/B00GVCDRJW_0.jpg,/B00GVCDRJW_0.jpg,/B00GVCDRJW_0.jpg,"GESSLEIN-Swift,-anthrazit","GESSLEIN-Swift,-anthrazit.html","",1 column,Product Info Column,"","","","",Use config,Use config,No,No,德品国际,Enabled,No,"Catalog, Search",Taxable Goods,"",Knits,"",,S,,Male,"<ul class='a-vertical a-spacing-none'><li><span style='font-size:15px'> GESSLEIN Swift, anthrazit rot</span></li><li><span style='font-size:15px'> GESSLEIN Swift, anthrazit rot</span></li></ul><span class='caretnext'></span><a id='seeMoreDetailsLink' class='a-link-normal' href='#productDetails'>Weitere Produktdetails</a>","<ul><li><b></b>:&nbsp13 Kg</li></ul>",,,,,2013-03-01 00:00:00,,,,"199.0","89.47","13",,,5,0,1,0,0,1,1,1,0,1,1,,,1,0,1,0,1,0,1,0,0,0,1,Lexington Cardigan Sweater,0,simple,,
"admin","base","Default","","simple","14,170,174","B003BOKYOO", 0,"GESSLEIN Swift Adapter","","",/B003BOKYOO_0.jpg,/B003BOKYOO_0.jpg,/B003BOKYOO_0.jpg,/B003BOKYOO_0.jpg;/B003BOKYOO_1.jpg,"GESSLEIN-Swift-Adapter","GESSLEIN-Swift-Adapter.html","",1 column,Product Info Column,"","","","",Use config,Use config,No,No,德品国际,Enabled,No,"Catalog, Search",Taxable Goods,"schwarz",Knits,"",,S,,Male,"","<ul><li><b></b>:&nbsp60242</li><li><b></b>:&nbsp200 g</li><li><b></b>:&nbsp23,6 x 13,4 x 10 cm</li><li><b></b>:&nbspschwarz</li><li><b></b>:&nbsp</li><li><b></b>:&nbsp</li><li><b></b>:&nbsp1</li><li><b></b>:&nbsp</li><li><b></b>:&nbsp1</li></ul>",,,,,2013-03-01 00:00:00,,,,"24.9","16.22","200",,,5,0,1,0,0,1,1,1,0,1,1,,,1,0,1,0,1,0,1,0,0,0,1,Lexington Cardigan Sweater,0,simple,,
"admin","base","Default","","simple","14,170,175","B018V3KHBE", 0,"PEG Aria Shopper","","",/B018V3KHBE_0.jpg,/B018V3KHBE_0.jpg,/B018V3KHBE_0.jpg,/B018V3KHBE_0.jpg;/B018V3KHBE_1.jpg;/B018V3KHBE_2.jpg;/B018V3KHBE_3.jpg;/B018V3KHBE_4.jpg;/B018V3KHBE_5.jpg,"PEG-Aria-Shopper","PEG-Aria-Shopper.html","",1 column,Product Info Column,"","","","",Use config,Use config,No,No,德品国际,Enabled,No,"Catalog, Search",Taxable Goods,"mod navy",Knits,"",,S,,Male,"<ul class='a-vertical a-spacing-none'><li><span style='font-size:15px'> Peg Perego Aria Shopper Twin-Mod Beige</span></li><li><span style='font-size:15px'> Peg Perego Aria Shopper Twin-Mod Beige</span></li></ul><span class='caretnext'></span><a id='seeMoreDetailsLink' class='a-link-normal' href='#productDetails'>Weitere Produktdetails</a>","<ul><li><b></b>:&nbsp9 Kg</li><li><b></b>:&nbsp78,7 x 76,5 x 24,8 cm</li><li><b></b>:&nbspmod navy</li><li><b></b>:&nbsp5-Punkte-Sicherheits-Gurt, Schwenkrä, Verdeck</li><li><b></b>:&nbsp</li><li><b></b>:&nbsp</li><li><b></b>:&nbsp2</li><li><b></b>:&nbsp</li></ul>",,,,,2013-03-01 00:00:00,,,,"189.0","114.24","9",,,5,0,1,0,0,1,1,1,0,1,1,,,1,0,1,0,1,0,1,0,0,0,1,Lexington Cardigan Sweater,0,simple,,
"admin","base","Default","","simple","14,170,175","B018V3KIUY", 0,"PEG Aria Shopper","","",/B018V3KIUY_0.jpg,/B018V3KIUY_0.jpg,/B018V3KIUY_0.jpg,/B018V3KIUY_0.jpg;/B018V3KIUY_1.jpg;/B018V3KIUY_2.jpg;/B018V3KIUY_3.jpg;/B018V3KIUY_4.jpg;/B018V3KIUY_5.jpg;/B018V3KIUY_6.jpg;/B018V3KIUY_7.jpg;/B018V3KIUY_8.jpg,"PEG-Aria-Shopper","PEG-Aria-Shopper.html","",1 column,Product Info Column,"","","","",Use config,Use config,No,No,德品国际,Enabled,No,"Catalog, Search",Taxable Goods,"",Knits,"",,S,,Male,"<ul class='a-vertical a-spacing-none'><li><span style='font-size:15px'> Peg Perego Aria Shopper Twin-Mod Navy</span></li><li><span style='font-size:15px'> Peg Perego Aria Shopper Twin-Mod Navy</span></li></ul><span class='caretnext'></span><a id='seeMoreDetailsLink' class='a-link-normal' href='#productDetails'>Weitere Produktdetails</a>","<ul><li><b></b>:&nbsp9 Kg</li><li><b></b>:&nbsp78,7 x 76,5 x 24,8 cm</li><li><b></b>:&nbsp</li><li><b></b>:&nbsp</li><li><b></b>:&nbsp</li></ul>",,,,,2013-03-01 00:00:00,,,,"189.0","114.24","9",,,5,0,1,0,0,1,1,1,0,1,1,,,1,0,1,0,1,0,1,0,0,0,1,Lexington Cardigan Sweater,0,simple,,
"admin","base","Default","","simple","14,170,175","B0154NWGB8", 0,"PEG Booklet Lite","","",/B0154NWGB8_0.jpg,/B0154NWGB8_0.jpg,/B0154NWGB8_0.jpg,/B0154NWGB8_0.jpg;/B0154NWGB8_1.jpg;/B0154NWGB8_2.jpg;/B0154NWGB8_3.jpg,"PEG-Booklet-Lite","PEG-Booklet-Lite.html","",1 column,Product Info Column,"","","","",Use config,Use config,No,No,德品国际,Enabled,No,"Catalog, Search",Taxable Goods,"beige",Knits,"",,S,,Male,"<ul class='a-vertical a-spacing-none'><li><span style='font-size:15px'> Peg Perego Booklet Lite-Mod Beige</span></li><li><span style='font-size:15px'> Peg Perego Booklet Lite-Mod Beige</span></li></ul><span class='caretnext'></span><a id='seeMoreDetailsLink' class='a-link-normal' href='#productDetails'>Weitere Produktdetails</a>","<ul><li><b></b>:&nbspNone</li><li><b></b>:&nbspBOOKLETLITERO49EB49</li><li><b></b>:&nbsp8 Kg</li><li><b></b>:&nbsp76 x 48 x 27,5 cm</li><li><b></b>:&nbspbeige</li><li><b></b>:&nbsp15 Kilogramm</li><li><b></b>:&nbsp5-Punkte-Sicherheits-Gurt</li><li><b></b>:&nbsp</li><li><b></b>:&nbsp</li><li><b></b>:&nbspBlick in Fahrtrichtung</li><li><b></b>:&nbsp1</li><li><b></b>:&nbsp</li></ul>",,,,,2013-03-01 00:00:00,,,,"299.0","179.52","8",,,5,0,1,0,0,1,1,1,0,1,1,,,1,0,1,0,1,0,1,0,0,0,1,Lexington Cardigan Sweater,0,simple,,
"admin","base","Default","","simple","14,170,175","B0154NWMH6", 0,"PEG Booklet Lite","","",/B0154NWMH6_0.jpg,/B0154NWMH6_0.jpg,/B0154NWMH6_0.jpg,/B0154NWMH6_0.jpg;/B0154NWMH6_1.jpg;/B0154NWMH6_2.jpg;/B0154NWMH6_3.jpg,"PEG-Booklet-Lite","PEG-Booklet-Lite.html","",1 column,Product Info Column,"","","","",Use config,Use config,No,No,德品国际,Enabled,No,"Catalog, Search",Taxable Goods,"bluette",Knits,"",,S,,Male,"<ul class='a-vertical a-spacing-none'><li><span style='font-size:15px'> Peg Perego Booklet Lite-Mod Bluette</span></li><li><span style='font-size:15px'> Peg Perego Booklet Lite-Mod Bluette</span></li></ul><span class='caretnext'></span><a id='seeMoreDetailsLink' class='a-link-normal' href='#productDetails'>Weitere Produktdetails</a>","<ul><li><b></b>:&nbspNone</li><li><b></b>:&nbspBOOKLETLITERO01EB01</li><li><b></b>:&nbsp8 Kg</li><li><b></b>:&nbsp76 x 48 x 27,5 cm</li><li><b></b>:&nbspbluette</li><li><b></b>:&nbsp15 Kilogramm</li><li><b></b>:&nbsp5-Punkte-Sicherheits-Gurt</li><li><b></b>:&nbsp</li><li><b></b>:&nbsp</li><li><b></b>:&nbspBlick in Fahrtrichtung</li><li><b></b>:&nbsp1</li><li><b></b>:&nbsp</li></ul>",,,,,2013-03-01 00:00:00,,,,"299.0","179.52","8",,,5,0,1,0,0,1,1,1,0,1,1,,,1,0,1,0,1,0,1,0,0,0,1,Lexington Cardigan Sweater,0,simple,,
"admin","base","Default","","simple","14,170,175","B00SKNBNQ4", 0,"PEG Pliko P3 Compact","","",/B00SKNBNQ4_0.jpg,/B00SKNBNQ4_0.jpg,/B00SKNBNQ4_0.jpg,/B00SKNBNQ4_0.jpg;/B00SKNBNQ4_1.jpg;/B00SKNBNQ4_2.jpg,"PEG-Pliko-P3-Compact","PEG-Pliko-P3-Compact.html","",1 column,Product Info Column,"","","","",Use config,Use config,No,No,德品国际,Enabled,No,"Catalog, Search",Taxable Goods,"Blau-Kombination",Knits,"",,S,,Male,"<ul class='a-vertical a-spacing-none'><li><span style='font-size:15px'> Made in Italy - ebenso wie  anen Peg Perego-Produkte</span></li><li><span style='font-size:15px'>  Qualitäts-Sportwagen: Neues Design, 3-fach höhenverstellbare Schiebergriffe, noch kompakter zusammenklappbar</span></li><li><span style='font-size:15px'> Rückenlehne  in Liegeposition absenkbar, höchster Fahrkomfort dank großer Doppelrä</span></li><li><span style='font-size:15px'>  Trittbrettchen für ein zweites Kind zum fahren (zusätzlich  20 kg belastbar)</span></li><li><span style='font-size:15px'> Inklusive Verdeck  Netzkorb</span></li></ul><span class='caretnext'></span><a id='seeMoreDetailsLink' class='a-link-normal' href='#productDetails'>Weitere Produktdetails</a>","<ul><li><b></b>:&nbspNone</li><li><b></b>:&nbspB5P3A3SABL</li><li><b></b>:&nbsp9 Kg</li><li><b></b>:&nbsp86 x 54 x 102,5 cm</li><li><b></b>:&nbspBezug: Stoff: 75% Baumwolle, 25% Polyester; Leiat: 60% Polyuretan, 25% Polyester, 15% Baumwolle; Polsterung: 100% Polyester</li><li><b></b>:&nbspPliko P3 Compact</li><li><b></b>:&nbspBlau-Kombination</li><li><b></b>:&nbsp</li><li><b></b>:&nbsp</li><li><b></b>:&nbsp5-Punkte-Sicherheits-Gurt</li><li><b></b>:&nbsp</li><li><b></b>:&nbsp</li><li><b></b>:&nbspBlick in Fahrtrichtung</li><li><b></b>:&nbsp5-Punkt-Gurt</li><li><b></b>:&nbsp1</li><li><b></b>:&nbsp25/90 cm</li><li><b></b>:&nbsp33.00 cm</li><li><b></b>:&nbspKunststoffrad</li><li><b></b>:&nbsp17.00 cm</li><li><b></b>:&nbsp49 x 34 x 98 cm</li><li><b></b>:&nbsp</li></ul>",,,,,2013-03-01 00:00:00,,,,"289.0","179.52","9",,,5,0,1,0,0,1,1,1,0,1,1,,,1,0,1,0,1,0,1,0,0,0,1,Lexington Cardigan Sweater,0,simple,,
"admin","base","Default","","simple","14,170,175","B00SKNBMJC", 0,"PEG Pliko P3 Compact","","",/B00SKNBMJC_0.jpg,/B00SKNBMJC_0.jpg,/B00SKNBMJC_0.jpg,/B00SKNBMJC_0.jpg;/B00SKNBMJC_1.jpg;/B00SKNBMJC_2.jpg,"PEG-Pliko-P3-Compact","PEG-Pliko-P3-Compact.html","",1 column,Product Info Column,"","","","",Use config,Use config,No,No,德品国际,Enabled,No,"Catalog, Search",Taxable Goods,"Grau-weiß",Knits,"",,S,,Male,"<ul class='a-vertical a-spacing-none'><li><span style='font-size:15px'> Made in Italy - ebenso wie  anen Peg Perego-Produkte</span></li><li><span style='font-size:15px'>  Qualitäts-Sportwagen: Neues Design, 3-fach höhenverstellbare Schiebergriffe, noch kompakter zusammenklappbar</span></li><li><span style='font-size:15px'> Rückenlehne  in Liegeposition absenkbar, höchster Fahrkomfort dank großer Doppelrä</span></li><li><span style='font-size:15px'>  Trittbrettchen für ein zweites Kind zum fahren (zusätzlich  20 kg belastbar)</span></li><li><span style='font-size:15px'> Inklusive Verdeck  Netzkorb</span></li></ul><span class='caretnext'></span><a id='seeMoreDetailsLink' class='a-link-normal' href='#productDetails'>Weitere Produktdetails</a>","<ul><li><b></b>:&nbspB5P3A2PICC</li><li><b></b>:&nbsp9 Kg</li><li><b></b>:&nbsp86 x 54 x 102,5 cm</li><li><b></b>:&nbspBezug: Stoff: 100% Polyester; Leiat: 60% Polyuretan, 25% Polyester, 15% Baumwolle; Polsterung: 100% Polyester</li><li><b></b>:&nbspPliko P3 Compact</li><li><b></b>:&nbsp-weiß</li><li><b></b>:&nbsp</li><li><b></b>:&nbsp</li><li><b></b>:&nbspVerdeck, 5-Punkte-Sicherheits-Gurt, Sicherheitsbügel</li><li><b></b>:&nbsp</li><li><b></b>:&nbsp5-Punkt-Gurt</li><li><b></b>:&nbsp1</li><li><b></b>:&nbsp25/90 cm</li><li><b></b>:&nbsp33.00 cm</li><li><b></b>:&nbspKunststoffrad</li><li><b></b>:&nbsp17.00 cm</li><li><b></b>:&nbsp49 x 34 x 98 cm</li></ul>",,,,,2013-03-01 00:00:00,,,,"289.0","179.52","9",,,5,0,1,0,0,1,1,1,0,1,1,,,1,0,1,0,1,0,1,0,0,0,1,Lexington Cardigan Sweater,0,simple,,
"admin","base","Default","","simple","14,170,175","B00SKNBMJC", 0,"PEG Pliko P3 Compact","","",/B00SKNBMJC_0.jpg,/B00SKNBMJC_0.jpg,/B00SKNBMJC_0.jpg,/B00SKNBMJC_0.jpg;/B00SKNBMJC_1.jpg;/B00SKNBMJC_2.jpg,"PEG-Pliko-P3-Compact","PEG-Pliko-P3-Compact.html","",1 column,Product Info Column,"","","","",Use config,Use config,No,No,德品国际,Enabled,No,"Catalog, Search",Taxable Goods,"Grau-weiß",Knits,"",,S,,Male,"<ul class='a-vertical a-spacing-none'><li><span style='font-size:15px'> Made in Italy - ebenso wie  anen Peg Perego-Produkte</span></li><li><span style='font-size:15px'>  Qualitäts-Sportwagen: Neues Design, 3-fach höhenverstellbare Schiebergriffe, noch kompakter zusammenklappbar</span></li><li><span style='font-size:15px'> Rückenlehne  in Liegeposition absenkbar, höchster Fahrkomfort dank großer Doppelrä</span></li><li><span style='font-size:15px'>  Trittbrettchen für ein zweites Kind zum fahren (zusätzlich  20 kg belastbar)</span></li><li><span style='font-size:15px'> Inklusive Verdeck  Netzkorb</span></li></ul><span class='caretnext'></span><a id='seeMoreDetailsLink' class='a-link-normal' href='#productDetails'>Weitere Produktdetails</a>","<ul><li><b></b>:&nbspB5P3A2PICC</li><li><b></b>:&nbsp9 Kg</li><li><b></b>:&nbsp86 x 54 x 102,5 cm</li><li><b></b>:&nbspBezug: Stoff: 100% Polyester; Leiat: 60% Polyuretan, 25% Polyester, 15% Baumwolle; Polsterung: 100% Polyester</li><li><b></b>:&nbspPliko P3 Compact</li><li><b></b>:&nbsp-weiß</li><li><b></b>:&nbsp</li><li><b></b>:&nbsp</li><li><b></b>:&nbspVerdeck, 5-Punkte-Sicherheits-Gurt, Sicherheitsbügel</li><li><b></b>:&nbsp</li><li><b></b>:&nbsp5-Punkt-Gurt</li><li><b></b>:&nbsp1</li><li><b></b>:&nbsp25/90 cm</li><li><b></b>:&nbsp33.00 cm</li><li><b></b>:&nbspKunststoffrad</li><li><b></b>:&nbsp17.00 cm</li><li><b></b>:&nbsp49 x 34 x 98 cm</li></ul>",,,,,2013-03-01 00:00:00,,,,"289.0","179.52","9",,,5,0,1,0,0,1,1,1,0,1,1,,,1,0,1,0,1,0,1,0,0,0,1,Lexington Cardigan Sweater,0,simple,,
"admin","base","Default","","simple","14,170,175","B00SKNBMJC", 0,"PEG Pliko P3 Compact","","",/B00SKNBMJC_0.jpg,/B00SKNBMJC_0.jpg,/B00SKNBMJC_0.jpg,/B00SKNBMJC_0.jpg;/B00SKNBMJC_1.jpg;/B00SKNBMJC_2.jpg,"PEG-Pliko-P3-Compact","PEG-Pliko-P3-Compact.html","",1 column,Product Info Column,"","","","",Use config,Use config,No,No,德品国际,Enabled,No,"Catalog, Search",Taxable Goods,"Grau-weiß",Knits,"",,S,,Male,"<ul class='a-vertical a-spacing-none'><li><span style='font-size:15px'> Made in Italy - ebenso wie  anen Peg Perego-Produkte</span></li><li><span style='font-size:15px'>  Qualitäts-Sportwagen: Neues Design, 3-fach höhenverstellbare Schiebergriffe, noch kompakter zusammenklappbar</span></li><li><span style='font-size:15px'> Rückenlehne  in Liegeposition absenkbar, höchster Fahrkomfort dank großer Doppelrä</span></li><li><span style='font-size:15px'>  Trittbrettchen für ein zweites Kind zum fahren (zusätzlich  20 kg belastbar)</span></li><li><span style='font-size:15px'> Inklusive Verdeck  Netzkorb</span></li></ul><span class='caretnext'></span><a id='seeMoreDetailsLink' class='a-link-normal' href='#productDetails'>Weitere Produktdetails</a>","<ul><li><b></b>:&nbspB5P3A2PICC</li><li><b></b>:&nbsp9 Kg</li><li><b></b>:&nbsp86 x 54 x 102,5 cm</li><li><b></b>:&nbspBezug: Stoff: 100% Polyester; Leiat: 60% Polyuretan, 25% Polyester, 15% Baumwolle; Polsterung: 100% Polyester</li><li><b></b>:&nbspPliko P3 Compact</li><li><b></b>:&nbsp-weiß</li><li><b></b>:&nbsp</li><li><b></b>:&nbsp</li><li><b></b>:&nbspVerdeck, 5-Punkte-Sicherheits-Gurt, Sicherheitsbügel</li><li><b></b>:&nbsp</li><li><b></b>:&nbsp5-Punkt-Gurt</li><li><b></b>:&nbsp1</li><li><b></b>:&nbsp25/90 cm</li><li><b></b>:&nbsp33.00 cm</li><li><b></b>:&nbspKunststoffrad</li><li><b></b>:&nbsp17.00 cm</li><li><b></b>:&nbsp49 x 34 x 98 cm</li></ul>",,,,,2013-03-01 00:00:00,,,,"269.0","164.16","9",,,5,0,1,0,0,1,1,1,0,1,1,,,1,0,1,0,1,0,1,0,0,0,1,Lexington Cardigan Sweater,0,simple,,
"admin","base","Default","","simple","14,170,177","B00GLXWNFK", 0,"QUINNY Zapp Xtra 2.0","","",/B00GLXWNFK_0.jpg,/B00GLXWNFK_0.jpg,/B00GLXWNFK_0.jpg,/B00GLXWNFK_0.jpg;/B00GLXWNFK_1.jpg,"QUINNY-Zapp-Xtra-2.0","QUINNY-Zapp-Xtra-2.0.html","",1 column,Product Info Column,"","","","",Use config,Use config,No,No,德品国际,Enabled,No,"Catalog, Search",Taxable Goods,"",Knits,"",,S,,Male,"<ul class='a-vertical a-spacing-none'><li><span style='font-size:15px'> Dessin: Rocking Black</span></li><li><span style='font-size:15px'> Wendiges Fahrwerk</span></li><li><span style='font-size:15px'> 360° schwenkbare Doppelvorrä</span></li><li><span style='font-size:15px'> Großzügiger Einkaufskorb</span></li><li><span style='font-size:15px'> Wasserabweisen Bezug</span></li></ul><span class='caretnext'></span><a id='seeMoreDetailsLink' class='a-link-normal' href='#productDetails'>Weitere Produktdetails</a>","<ul><li><b></b>:&nbspNone</li><li><b></b>:&nbspQNY78905780</li><li><b></b>:&nbsp11 Kg</li><li><b></b>:&nbsp68,4 x 33,4 x 31,2 cm</li><li><b></b>:&nbsp15 Kilogramm</li><li><b></b>:&nbspkompakt klappbar</li><li><b></b>:&nbsp</li><li><b></b>:&nbspBlick in Fahrtrichtung</li></ul>",,,,,2013-03-01 00:00:00,,,,"269.9","165.52","11",,,5,0,1,0,0,1,1,1,0,1,1,,,1,0,1,0,1,0,1,0,0,0,1,Lexington Cardigan Sweater,0,simple,,
"admin","base","Default","","simple","14,170,177","B00O683KCM", 0,"QUINNY Zapp Xtra 2.0","","",/B00O683KCM_0.jpg,/B00O683KCM_0.jpg,/B00O683KCM_0.jpg,/B00O683KCM_0.jpg;/B00O683KCM_1.jpg;/B00O683KCM_2.jpg;/B00O683KCM_3.jpg;/B00O683KCM_4.jpg;/B00O683KCM_5.jpg;/B00O683KCM_6.jpg;/B00O683KCM_7.jpg;/B00O683KCM_8.jpg,"QUINNY-Zapp-Xtra-2.0","QUINNY-Zapp-Xtra-2.0.html","",1 column,Product Info Column,"","","","",Use config,Use config,No,No,德品国际,Enabled,No,"Catalog, Search",Taxable Goods,"",Knits,"",,S,,Male,"<ul class='a-vertical a-spacing-none'><li><span style='font-size:15px'> QUINNY Zapp Xtra 2.0 y Gravel</span></li><li><span style='font-size:15px'> QUINNY Zapp Xtra 2.0 y Gravel</span></li></ul><span class='caretnext'></span><a id='seeMoreDetailsLink' class='a-link-normal' href='#productDetails'>Weitere Produktdetails</a>","<ul><li><b></b>:&nbspNone</li><li><b></b>:&nbspQNY78909140</li><li><b></b>:&nbsp9 Kg</li><li><b></b>:&nbsp69 x 32,6 x 30 cm</li><li><b></b>:&nbsp2015</li><li><b></b>:&nbsp15 Kilogramm</li><li><b></b>:&nbspEinkaufskorb</li><li><b></b>:&nbsp</li><li><b></b>:&nbsp</li><li><b></b>:&nbspBlick in Fahrtrichtung</li><li><b></b>:&nbsp1</li><li><b></b>:&nbsp</li></ul>",,,,,2013-03-01 00:00:00,,,,"269.9","165.52","9",,,5,0,1,0,0,1,1,1,0,1,1,,,1,0,1,0,1,0,1,0,0,0,1,Lexington Cardigan Sweater,0,simple,,
"admin","base","Default","","simple","14,170,177","B00O683JCI", 0,"QUINNY Zapp Xtra 2.0","","",/B00O683JCI_0.jpg,/B00O683JCI_0.jpg,/B00O683JCI_0.jpg,/B00O683JCI_0.jpg;/B00O683JCI_1.jpg;/B00O683JCI_2.jpg;/B00O683JCI_3.jpg;/B00O683JCI_4.jpg;/B00O683JCI_5.jpg;/B00O683JCI_6.jpg;/B00O683JCI_7.jpg,"QUINNY-Zapp-Xtra-2.0","QUINNY-Zapp-Xtra-2.0.html","",1 column,Product Info Column,"","","","",Use config,Use config,No,No,德品国际,Enabled,No,"Catalog, Search",Taxable Goods,"",Knits,"",,S,,Male,"<ul class='a-vertical a-spacing-none'><li><span style='font-size:15px'> QUINNY Zapp Xtra 2.0 Blue Base</span></li><li><span style='font-size:15px'> QUINNY Zapp Xtra 2.0 Blue Base</span></li></ul><span class='caretnext'></span><a id='seeMoreDetailsLink' class='a-link-normal' href='#productDetails'>Weitere Produktdetails</a>","<ul><li><b></b>:&nbspNone</li><li><b></b>:&nbspQNY78909130</li><li><b></b>:&nbsp9 Kg</li><li><b></b>:&nbsp60,2 x 33 x 30,2 cm</li><li><b></b>:&nbsp15 Kilogramm</li><li><b></b>:&nbspEinkaufskorb</li><li><b></b>:&nbsp</li><li><b></b>:&nbsp</li><li><b></b>:&nbspBlick in Fahrtrichtung</li><li><b></b>:&nbsp1</li><li><b></b>:&nbsp</li></ul>",,,,,2013-03-01 00:00:00,,,,"269.9","165.52","9",,,5,0,1,0,0,1,1,1,0,1,1,,,1,0,1,0,1,0,1,0,0,0,1,Lexington Cardigan Sweater,0,simple,,
"admin","base","Default","","simple","14,170,177","B00PSUWIDO", 0,"QUINNY Zapp Xtra 2.0","","",/B00PSUWIDO_0.jpg,/B00PSUWIDO_0.jpg,/B00PSUWIDO_0.jpg,/B00PSUWIDO_0.jpg;/B00PSUWIDO_1.jpg;/B00PSUWIDO_2.jpg;/B00PSUWIDO_3.jpg;/B00PSUWIDO_4.jpg;/B00PSUWIDO_5.jpg;/B00PSUWIDO_6.jpg;/B00PSUWIDO_7.jpg,"QUINNY-Zapp-Xtra-2.0","QUINNY-Zapp-Xtra-2.0.html","",1 column,Product Info Column,"","","","",Use config,Use config,No,No,德品国际,Enabled,No,"Catalog, Search",Taxable Goods,"",Knits,"",,S,,Male,"<ul class='a-vertical a-spacing-none'><li><span style='font-size:15px'> QUINNY Zapp Xtra 2.0 Red Rumour</span></li><li><span style='font-size:15px'> QUINNY Zapp Xtra 2.0 Red Rumour</span></li></ul><span class='caretnext'></span><a id='seeMoreDetailsLink' class='a-link-normal' href='#productDetails'>Weitere Produktdetails</a>","<ul><li><b></b>:&nbspNone</li><li><b></b>:&nbspQNY78909240</li><li><b></b>:&nbsp9 Kg</li><li><b></b>:&nbsp68,6 x 33 x 30,2 cm</li><li><b></b>:&nbsp15 Kilogramm</li><li><b></b>:&nbspEinkaufskorb</li><li><b></b>:&nbsp</li><li><b></b>:&nbsp</li><li><b></b>:&nbspBlick in Fahrtrichtung</li><li><b></b>:&nbsp1</li><li><b></b>:&nbsp</li></ul>",,,,,2013-03-01 00:00:00,,,,"269.9","165.52","9",,,5,0,1,0,0,1,1,1,0,1,1,,,1,0,1,0,1,0,1,0,0,0,1,Lexington Cardigan Sweater,0,simple,,
"admin","base","Default","","simple","14,170,177","B005OMVA58", 0,"QUINNY Zapp Xtra","","",/B005OMVA58_0.jpg,/B005OMVA58_0.jpg,/B005OMVA58_0.jpg,/B005OMVA58_0.jpg;/B005OMVA58_1.jpg;/B005OMVA58_2.jpg;/B005OMVA58_3.jpg;/B005OMVA58_4.jpg;/B005OMVA58_5.jpg;/B005OMVA58_6.jpg;/B005OMVA58_7.jpg;/B005OMVA58_8.jpg;/B005OMVA58_9.jpg;/B005OMVA58_10.jpg,"QUINNY-Zapp-Xtra","QUINNY-Zapp-Xtra.html","",1 column,Product Info Column,"","","","",Use config,Use config,No,No,德品国际,Enabled,No,"Catalog, Search",Taxable Goods,"Rocking Black",Knits,"",,S,,Male,"<ul class='a-vertical a-spacing-none'><li><span style='font-size:15px'> Extrem wendig  flexibel: Gefete Hinterrä  schwenkbares gefetes Vorrad - Ideal für  Stadt</span></li><li><span style='font-size:15px'> Sitz in  entgegen  Fahrtrichtung einsetzbar</span></li><li><span style='font-size:15px'> In Kombination  Maxi-Cosi Babyschale  passendem Quinny Kinwagenaufsatz (beides separat erhältlich) ein tolles Travelsystem (Adapter inklusive)</span></li><li><span style='font-size:15px'> Vollgummirä für einen optimalen Grip</span></li><li><span style='font-size:15px'> Inklusive Sonnenverdeck, Regenschutz, Einkaufskorb, Sonnenschirmclip  Adapter für alle Maxi-Cosi Babyschalen</span></li></ul><span class='caretnext'></span><a id='seeMoreDetailsLink' class='a-link-normal' href='#productDetails'>Weitere Produktdetails</a>","<ul><li><b></b>:&nbsp</li><li><b></b>:&nbsp72905780</li><li><b></b>:&nbsp9 Kg</li><li><b></b>:&nbsp81 x 59 x 102 cm</li><li><b></b>:&nbsp95% Polyester, 5% PVC</li><li><b></b>:&nbsp2015</li><li><b></b>:&nbspRocking Black</li><li><b></b>:&nbspVerdeck, 5-Punkte-Sicherheits-Gurt</li><li><b></b>:&nbsp</li><li><b></b>:&nbspcertified frustration-free</li><li><b></b>:&nbsp1</li><li><b></b>:&nbsp35</li><li><b></b>:&nbspKunststoffrad</li><li><b></b>:&nbsp15</li><li><b></b>:&nbsp4</li></ul>",,,,,2013-03-01 00:00:00,,,,"284.9","165.52","9",,,5,0,1,0,0,1,1,1,0,1,1,,,1,0,1,0,1,0,1,0,0,0,1,Lexington Cardigan Sweater,0,simple,,
"admin","base","Default","","simple","14,170,177","B00F4OJBMK", 0,"QUINNY Zapp Xtra","","",/B00F4OJBMK_0.jpg,/B00F4OJBMK_0.jpg,/B00F4OJBMK_0.jpg,/B00F4OJBMK_0.jpg;/B00F4OJBMK_1.jpg;/B00F4OJBMK_2.jpg;/B00F4OJBMK_3.jpg;/B00F4OJBMK_4.jpg;/B00F4OJBMK_5.jpg;/B00F4OJBMK_6.jpg;/B00F4OJBMK_7.jpg,"QUINNY-Zapp-Xtra","QUINNY-Zapp-Xtra.html","",1 column,Product Info Column,"","","","",Use config,Use config,No,No,德品国际,Enabled,No,"Catalog, Search",Taxable Goods,"Red Rumour",Knits,"",,S,,Male,"<ul class='a-vertical a-spacing-none'><li><span style='font-size:15px'> Extrem wendig  flexibel: Gefete Hinterrä  schwenkbares gefetes Vorrad - Ideal für  Stadt</span></li><li><span style='font-size:15px'> Sitz in  entgegen  Fahrtrichtung einsetzbar</span></li><li><span style='font-size:15px'> In Kombination  Maxi-Cosi Babyschale  passendem Quinny Kinwagenaufsatz (beides separat erhältlich) ein tolles Travelsystem (Adapter inklusive)</span></li><li><span style='font-size:15px'> Vollgummirä sorgen für einen optimalen Grip</span></li><li><span style='font-size:15px'> Inklusive Sonnenverdeck, Regenschutz, Einkaufskorb, Sonnenschirmclip  Adapter für alle Maxi-Cosi Babyschalen</span></li></ul><span class='caretnext'></span><a id='seeMoreDetailsLink' class='a-link-normal' href='#productDetails'>Weitere Produktdetails</a>","<ul><li><b></b>:&nbsp72908320</li><li><b></b>:&nbsp9 Kg</li><li><b></b>:&nbsp81 x 59 x 102 cm</li><li><b></b>:&nbspAußenseite: 95% Polyester / 5% Polyvinylchlorid, Füllung: 70% Polyurethan / 30% Polyester</li><li><b></b>:&nbsp2014</li><li><b></b>:&nbspRed Rumour</li><li><b></b>:&nbspVerdeck, 5-Punkte-Sicherheits-Gurt</li><li><b></b>:&nbspBuggy</li><li><b></b>:&nbsp</li><li><b></b>:&nbspFrustation-Free Packaging</li><li><b></b>:&nbspBeide Fahrtrichtungen</li><li><b></b>:&nbsp5-Punkt-Gurt</li></ul>",,,,,2013-03-01 00:00:00,,,,"284.9","165.52","9",,,5,0,1,0,0,1,1,1,0,1,1,,,1,0,1,0,1,0,1,0,0,0,1,Lexington Cardigan Sweater,0,simple,,
"admin","base","Default","","simple","14,170,177","B005OMVA58", 0,"QUINNY Zapp Xtra","","",/B005OMVA58_0.jpg,/B005OMVA58_0.jpg,/B005OMVA58_0.jpg,/B005OMVA58_0.jpg;/B005OMVA58_1.jpg;/B005OMVA58_2.jpg;/B005OMVA58_3.jpg;/B005OMVA58_4.jpg;/B005OMVA58_5.jpg;/B005OMVA58_6.jpg;/B005OMVA58_7.jpg;/B005OMVA58_8.jpg;/B005OMVA58_9.jpg;/B005OMVA58_10.jpg,"QUINNY-Zapp-Xtra","QUINNY-Zapp-Xtra.html","",1 column,Product Info Column,"","","","",Use config,Use config,No,No,德品国际,Enabled,No,"Catalog, Search",Taxable Goods,"Rocking Black",Knits,"",,S,,Male,"<ul class='a-vertical a-spacing-none'><li><span style='font-size:15px'> Extrem wendig  flexibel: Gefete Hinterrä  schwenkbares gefetes Vorrad - Ideal für  Stadt</span></li><li><span style='font-size:15px'> Sitz in  entgegen  Fahrtrichtung einsetzbar</span></li><li><span style='font-size:15px'> In Kombination  Maxi-Cosi Babyschale  passendem Quinny Kinwagenaufsatz (beides separat erhältlich) ein tolles Travelsystem (Adapter inklusive)</span></li><li><span style='font-size:15px'> Vollgummirä für einen optimalen Grip</span></li><li><span style='font-size:15px'> Inklusive Sonnenverdeck, Regenschutz, Einkaufskorb, Sonnenschirmclip  Adapter für alle Maxi-Cosi Babyschalen</span></li></ul><span class='caretnext'></span><a id='seeMoreDetailsLink' class='a-link-normal' href='#productDetails'>Weitere Produktdetails</a>","<ul><li><b></b>:&nbsp</li><li><b></b>:&nbsp72905780</li><li><b></b>:&nbsp9 Kg</li><li><b></b>:&nbsp81 x 59 x 102 cm</li><li><b></b>:&nbsp95% Polyester, 5% PVC</li><li><b></b>:&nbsp2015</li><li><b></b>:&nbspRocking Black</li><li><b></b>:&nbspVerdeck, 5-Punkte-Sicherheits-Gurt</li><li><b></b>:&nbsp</li><li><b></b>:&nbspcertified frustration-free</li><li><b></b>:&nbsp1</li><li><b></b>:&nbsp35</li><li><b></b>:&nbspKunststoffrad</li><li><b></b>:&nbsp15</li><li><b></b>:&nbsp4</li></ul>",,,,,2013-03-01 00:00:00,,,,"36.9","18.32","9",,,5,0,1,0,0,1,1,1,0,1,1,,,1,0,1,0,1,0,1,0,0,0,1,Lexington Cardigan Sweater,0,simple,,
"admin","base","Default","","simple","14,170,178","B017VBD10G", 0,"BABYJOGGER City Elite Single","","",/B017VBD10G_0.jpg,/B017VBD10G_0.jpg,/B017VBD10G_0.jpg,/B017VBD10G_0.jpg,"BABYJOGGER-City-Elite-Single","BABYJOGGER-City-Elite-Single.html","",1 column,Product Info Column,"","","","",Use config,Use config,No,No,德品国际,Enabled,No,"Catalog, Search",Taxable Goods,"",Knits,"",,S,,Male,"<ul class='a-vertical a-spacing-none'><li><span style='font-size:15px'> BABYJOGGER Elite Single OHNE Handbremse, black</span></li><li><span style='font-size:15px'> BABYJOGGER Elite Single OHNE Handbremse, black</span></li></ul><span class='caretnext'></span><a id='seeMoreDetailsLink' class='a-link-normal' href='#productDetails'>Weitere Produktdetails</a>","<ul></ul>",,,,,2013-03-01 00:00:00,,,,"599.0","357.91","",,,5,0,1,0,0,1,1,1,0,1,1,,,1,0,1,0,1,0,1,0,0,0,1,Lexington Cardigan Sweater,0,simple,,
"admin","base","Default","","simple","14,170,178","B017VBD246", 0,"BABYJOGGER City Elite Single","","",/B017VBD246_0.jpg,/B017VBD246_0.jpg,/B017VBD246_0.jpg,/B017VBD246_0.jpg,"BABYJOGGER-City-Elite-Single","BABYJOGGER-City-Elite-Single.html","",1 column,Product Info Column,"","","","",Use config,Use config,No,No,德品国际,Enabled,No,"Catalog, Search",Taxable Goods,"",Knits,"",,S,,Male,"<ul class='a-vertical a-spacing-none'><li><span style='font-size:15px'> BABYJOGGER Elite Single OHNE Handbremse, Gray</span></li><li><span style='font-size:15px'> BABYJOGGER Elite Single OHNE Handbremse, Gray</span></li></ul><span class='caretnext'></span><a id='seeMoreDetailsLink' class='a-link-normal' href='#productDetails'>Weitere Produktdetails</a>","<ul></ul>",,,,,2013-03-01 00:00:00,,,,"599.0","357.91","",,,5,0,1,0,0,1,1,1,0,1,1,,,1,0,1,0,1,0,1,0,0,0,1,Lexington Cardigan Sweater,0,simple,,
"admin","base","Default","","simple","14,170,178","B017VBD10G", 0,"BABYJOGGER City Elite Single","","",/B017VBD10G_0.jpg,/B017VBD10G_0.jpg,/B017VBD10G_0.jpg,/B017VBD10G_0.jpg,"BABYJOGGER-City-Elite-Single","BABYJOGGER-City-Elite-Single.html","",1 column,Product Info Column,"","","","",Use config,Use config,No,No,德品国际,Enabled,No,"Catalog, Search",Taxable Goods,"",Knits,"",,S,,Male,"<ul class='a-vertical a-spacing-none'><li><span style='font-size:15px'> BABYJOGGER Elite Single OHNE Handbremse, black</span></li><li><span style='font-size:15px'> BABYJOGGER Elite Single OHNE Handbremse, black</span></li></ul><span class='caretnext'></span><a id='seeMoreDetailsLink' class='a-link-normal' href='#productDetails'>Weitere Produktdetails</a>","<ul></ul>",,,,,2013-03-01 00:00:00,,,,"749.0","421.44","",,,5,0,1,0,0,1,1,1,0,1,1,,,1,0,1,0,1,0,1,0,0,0,1,Lexington Cardigan Sweater,0,simple,,
"admin","base","Default","","simple","14,170,178","B008WGF0YK", 0,"BABYJOGGER City Elite Single","","",/B008WGF0YK_0.jpg,/B008WGF0YK_0.jpg,/B008WGF0YK_0.jpg,/B008WGF0YK_0.jpg;/B008WGF0YK_1.jpg,"BABYJOGGER-City-Elite-Single","BABYJOGGER-City-Elite-Single.html","",1 column,Product Info Column,"","","","",Use config,Use config,No,No,德品国际,Enabled,No,"Catalog, Search",Taxable Goods,"",Knits,"",,S,,Male,"<ul class='a-vertical a-spacing-none'><li><span style='font-size:15px'> Ziehen Sie einfach den Regenschutz von Baby Jogger über  Sitzeinheit Ihres Joggerwagens Elite  schon ist Ihr Kind zuverlässig vor kaltem Wind  Regen sowie Schnee geschützt.</span></li><li><span style='font-size:15px'> so s  Stoff keine Feuchtigkeit aufnehmen kann. Einem Ausflug an Schlecht-Wetter-Tagen steht so nichts mehr im Weg.</span></li></ul><span class='caretnext'></span><a id='seeMoreDetailsLink' class='a-link-normal' href='#productDetails'>Weitere Produktdetails</a>","<ul><li><b></b>:&nbspBJ91351</li><li><b></b>:&nbsp9 g</li><li><b></b>:&nbsp35,8 x 21,6 x 5,8 cm</li><li><b></b>:&nbsp2014</li><li><b></b>:&nbspVerdeck</li><li><b></b>:&nbsp</li><li><b></b>:&nbsp</li><li><b></b>:&nbsp</li></ul>",,,,,2013-03-01 00:00:00,,,,"749.0","421.44","9",,,5,0,1,0,0,1,1,1,0,1,1,,,1,0,1,0,1,0,1,0,0,0,1,Lexington Cardigan Sweater,0,simple,,
"admin","base","Default","","simple","14,170,178","B008WGF0YK", 0,"BABYJOGGER City Elite Single","","",/B008WGF0YK_0.jpg,/B008WGF0YK_0.jpg,/B008WGF0YK_0.jpg,/B008WGF0YK_0.jpg;/B008WGF0YK_1.jpg,"BABYJOGGER-City-Elite-Single","BABYJOGGER-City-Elite-Single.html","",1 column,Product Info Column,"","","","",Use config,Use config,No,No,德品国际,Enabled,No,"Catalog, Search",Taxable Goods,"",Knits,"",,S,,Male,"<ul class='a-vertical a-spacing-none'><li><span style='font-size:15px'> Ziehen Sie einfach den Regenschutz von Baby Jogger über  Sitzeinheit Ihres Joggerwagens Elite  schon ist Ihr Kind zuverlässig vor kaltem Wind  Regen sowie Schnee geschützt.</span></li><li><span style='font-size:15px'> so s  Stoff keine Feuchtigkeit aufnehmen kann. Einem Ausflug an Schlecht-Wetter-Tagen steht so nichts mehr im Weg.</span></li></ul><span class='caretnext'></span><a id='seeMoreDetailsLink' class='a-link-normal' href='#productDetails'>Weitere Produktdetails</a>","<ul><li><b></b>:&nbspBJ91351</li><li><b></b>:&nbsp9 g</li><li><b></b>:&nbsp35,8 x 21,6 x 5,8 cm</li><li><b></b>:&nbsp2014</li><li><b></b>:&nbspVerdeck</li><li><b></b>:&nbsp</li><li><b></b>:&nbsp</li><li><b></b>:&nbsp</li></ul>",,,,,2013-03-01 00:00:00,,,,"749.0","421.44","9",,,5,0,1,0,0,1,1,1,0,1,1,,,1,0,1,0,1,0,1,0,0,0,1,Lexington Cardigan Sweater,0,simple,,
"admin","base","Default","","simple","14,170,178","B017VBD246", 0,"BABYJOGGER City Elite Single","","",/B017VBD246_0.jpg,/B017VBD246_0.jpg,/B017VBD246_0.jpg,/B017VBD246_0.jpg,"BABYJOGGER-City-Elite-Single","BABYJOGGER-City-Elite-Single.html","",1 column,Product Info Column,"","","","",Use config,Use config,No,No,德品国际,Enabled,No,"Catalog, Search",Taxable Goods,"",Knits,"",,S,,Male,"<ul class='a-vertical a-spacing-none'><li><span style='font-size:15px'> BABYJOGGER Elite Single OHNE Handbremse, Gray</span></li><li><span style='font-size:15px'> BABYJOGGER Elite Single OHNE Handbremse, Gray</span></li></ul><span class='caretnext'></span><a id='seeMoreDetailsLink' class='a-link-normal' href='#productDetails'>Weitere Produktdetails</a>","<ul></ul>",,,,,2013-03-01 00:00:00,,,,"749.0","421.44","",,,5,0,1,0,0,1,1,1,0,1,1,,,1,0,1,0,1,0,1,0,0,0,1,Lexington Cardigan Sweater,0,simple,,
"admin","base","Default","","simple","14,170,178","B008WGF0YK", 0,"BABYJOGGER City Elite Single","","",/B008WGF0YK_0.jpg,/B008WGF0YK_0.jpg,/B008WGF0YK_0.jpg,/B008WGF0YK_0.jpg;/B008WGF0YK_1.jpg,"BABYJOGGER-City-Elite-Single","BABYJOGGER-City-Elite-Single.html","",1 column,Product Info Column,"","","","",Use config,Use config,No,No,德品国际,Enabled,No,"Catalog, Search",Taxable Goods,"",Knits,"",,S,,Male,"<ul class='a-vertical a-spacing-none'><li><span style='font-size:15px'> Ziehen Sie einfach den Regenschutz von Baby Jogger über  Sitzeinheit Ihres Joggerwagens Elite  schon ist Ihr Kind zuverlässig vor kaltem Wind  Regen sowie Schnee geschützt.</span></li><li><span style='font-size:15px'> so s  Stoff keine Feuchtigkeit aufnehmen kann. Einem Ausflug an Schlecht-Wetter-Tagen steht so nichts mehr im Weg.</span></li></ul><span class='caretnext'></span><a id='seeMoreDetailsLink' class='a-link-normal' href='#productDetails'>Weitere Produktdetails</a>","<ul><li><b></b>:&nbspBJ91351</li><li><b></b>:&nbsp9 g</li><li><b></b>:&nbsp35,8 x 21,6 x 5,8 cm</li><li><b></b>:&nbsp2014</li><li><b></b>:&nbspVerdeck</li><li><b></b>:&nbsp</li><li><b></b>:&nbsp</li><li><b></b>:&nbsp</li></ul>",,,,,2013-03-01 00:00:00,,,,"779.0","436.8","9",,,5,0,1,0,0,1,1,1,0,1,1,,,1,0,1,0,1,0,1,0,0,0,1,Lexington Cardigan Sweater,0,simple,,
"admin","base","Default","","simple","14,170,178","B00GNIWRA4", 0,"BABYJOGGER City Mini","","",/B00GNIWRA4_0.jpg,/B00GNIWRA4_0.jpg,/B00GNIWRA4_0.jpg,/B00GNIWRA4_0.jpg;/B00GNIWRA4_1.jpg;/B00GNIWRA4_2.jpg;/B00GNIWRA4_3.jpg;/B00GNIWRA4_4.jpg;/B00GNIWRA4_5.jpg;/B00GNIWRA4_6.jpg;/B00GNIWRA4_7.jpg,"BABYJOGGER-City-Mini","BABYJOGGER-City-Mini.html","",1 column,Product Info Column,"","","","",Use config,Use config,No,No,德品国际,Enabled,No,"Catalog, Search",Taxable Goods,"",Knits,"",,S,,Male,"<ul class='a-vertical a-spacing-none'><li><span style='font-size:15px'> Ein extremes Leichtgewicht auf Rän</span></li><li><span style='font-size:15px'> einzigartig schnell zusammen- bzw. auffaltbar. Ausgerüstet  allen komfortablen Funktionen für  Stadt o auf Reisen.</span></li></ul><span class='caretnext'></span><a id='seeMoreDetailsLink' class='a-link-normal' href='#productDetails'>Weitere Produktdetails</a>","<ul><li><b></b>:&nbspBJ10410</li><li><b></b>:&nbsp11 Kg</li><li><b></b>:&nbsp61 x 102,9 x 96,5 cm</li><li><b></b>:&nbsp2014</li><li><b></b>:&nbsp29.5 Kilogramm</li><li><b></b>:&nbspEinhändig klappbar</li><li><b></b>:&nbsp</li><li><b></b>:&nbspcertified frustration-free</li><li><b></b>:&nbsp1</li></ul>",,,,,2013-03-01 00:00:00,,,,"469.0","258.24","11",,,5,0,1,0,0,1,1,1,0,1,1,,,1,0,1,0,1,0,1,0,0,0,1,Lexington Cardigan Sweater,0,simple,,
"admin","base","Default","","simple","14,170,178","B002N2S9OM", 0,"BABYJOGGER City Mini","","",/B002N2S9OM_0.jpg,/B002N2S9OM_0.jpg,/B002N2S9OM_0.jpg,/B002N2S9OM_0.jpg;/B002N2S9OM_1.jpg,"BABYJOGGER-City-Mini","BABYJOGGER-City-Mini.html","",1 column,Product Info Column,"","","","",Use config,Use config,No,No,德品国际,Enabled,No,"Catalog, Search",Taxable Goods,"",Knits,"",,S,,Male,"<ul class='a-vertical a-spacing-none'><li><span style='font-size:15px'> Einzigartike patentierte Klapptechnik</span></li><li><span style='font-size:15px'> Super stabil</span></li><li><span style='font-size:15px'> Sehr leichtgängig  wendig</span></li></ul><span class='caretnext'></span><a id='seeMoreDetailsLink' class='a-link-normal' href='#productDetails'>Weitere Produktdetails</a>","<ul><li><b></b>:&nbsp87106</li><li><b></b>:&nbsp8 Kg</li><li><b></b>:&nbsp106,7 x 58,4 x 96,5 cm</li><li><b></b>:&nbsp5-Punkte-Sicherheits-Gurt, Verdeck, Einkaufsnetz, kompakt klappbar, Regenschutz, Schwenkrä,Einhändig klappbar</li><li><b></b>:&nbsp1</li></ul>",,,,,2013-03-01 00:00:00,,,,"469.0","258.24","8",,,5,0,1,0,0,1,1,1,0,1,1,,,1,0,1,0,1,0,1,0,0,0,1,Lexington Cardigan Sweater,0,simple,,
"admin","base","Default","","simple","14,170,178","B00CZA6XBI", 0,"BABYJOGGER City Mini","","",/B00CZA6XBI_0.jpg,/B00CZA6XBI_0.jpg,/B00CZA6XBI_0.jpg,/B00CZA6XBI_0.jpg;/B00CZA6XBI_1.jpg,"BABYJOGGER-City-Mini","BABYJOGGER-City-Mini.html","",1 column,Product Info Column,"","","","",Use config,Use config,No,No,德品国际,Enabled,No,"Catalog, Search",Taxable Goods,"",Knits,"",,S,,Male,"<ul class='a-vertical a-spacing-none'><li><span style='font-size:15px'> Regenschutz</span></li></ul><span class='caretnext'></span><a id='seeMoreDetailsLink' class='a-link-normal' href='#productDetails'>Weitere Produktdetails</a>","<ul><li><b></b>:&nbsp440 g</li><li><b></b>:&nbsp37,5 x 7,5 x 27,5 cm</li><li><b></b>:&nbspRegenschutz</li><li><b></b>:&nbsp</li></ul>",,,,,2013-03-01 00:00:00,,,,"469.0","258.24","440",,,5,0,1,0,0,1,1,1,0,1,1,,,1,0,1,0,1,0,1,0,0,0,1,Lexington Cardigan Sweater,0,simple,,
"admin","base","Default","","simple","14,170,178","B00CZA6XBI", 0,"BABYJOGGER City Mini","","",/B00CZA6XBI_0.jpg,/B00CZA6XBI_0.jpg,/B00CZA6XBI_0.jpg,/B00CZA6XBI_0.jpg;/B00CZA6XBI_1.jpg,"BABYJOGGER-City-Mini","BABYJOGGER-City-Mini.html","",1 column,Product Info Column,"","","","",Use config,Use config,No,No,德品国际,Enabled,No,"Catalog, Search",Taxable Goods,"",Knits,"",,S,,Male,"<ul class='a-vertical a-spacing-none'><li><span style='font-size:15px'> Regenschutz</span></li></ul><span class='caretnext'></span><a id='seeMoreDetailsLink' class='a-link-normal' href='#productDetails'>Weitere Produktdetails</a>","<ul><li><b></b>:&nbsp440 g</li><li><b></b>:&nbsp37,5 x 7,5 x 27,5 cm</li><li><b></b>:&nbspRegenschutz</li><li><b></b>:&nbsp</li></ul>",,,,,2013-03-01 00:00:00,,,,"469.0","258.24","440",,,5,0,1,0,0,1,1,1,0,1,1,,,1,0,1,0,1,0,1,0,0,0,1,Lexington Cardigan Sweater,0,simple,,
"admin","base","Default","","simple","14,170,178","B00G3XR7GS", 0,"BABYJOGGER City Mini","","",/B00G3XR7GS_0.jpg,/B00G3XR7GS_0.jpg,/B00G3XR7GS_0.jpg,/B00G3XR7GS_0.jpg;/B00G3XR7GS_1.jpg;/B00G3XR7GS_2.jpg;/B00G3XR7GS_3.jpg;/B00G3XR7GS_4.jpg;/B00G3XR7GS_5.jpg;/B00G3XR7GS_6.jpg;/B00G3XR7GS_7.jpg,"BABYJOGGER-City-Mini","BABYJOGGER-City-Mini.html","",1 column,Product Info Column,"","","","",Use config,Use config,No,No,德品国际,Enabled,No,"Catalog, Search",Taxable Goods,"",Knits,"",,S,,Male,"<ul class='a-vertical a-spacing-none'><li><span style='font-size:15px'>  unglaublich kleine Kompaktwer auf 3 Rän passt auch in den kleinsten Kofferraum. Ruck-Zuck auf-  zusammengeklappt   seiner extremen Leichtigkeit besons beliebt auf Reisen.</span></li></ul><span class='caretnext'></span><a id='seeMoreDetailsLink' class='a-link-normal' href='#productDetails'>Weitere Produktdetails</a>","<ul><li><b></b>:&nbspBJ11410</li><li><b></b>:&nbsp3,9 Kg</li><li><b></b>:&nbsp100,5 x 61 x 105,5 cm</li><li><b></b>:&nbsp2014</li><li><b></b>:&nbsp22.7 Kilogramm</li><li><b></b>:&nbsp</li><li><b></b>:&nbsp1</li></ul>",,,,,2013-03-01 00:00:00,,,,"399.0","219.84","3,9",,,5,0,1,0,0,1,1,1,0,1,1,,,1,0,1,0,1,0,1,0,0,0,1,Lexington Cardigan Sweater,0,simple,,
"admin","base","Default","","simple","14,170,178","B002N2S9OM", 0,"BABYJOGGER City Mini","","",/B002N2S9OM_0.jpg,/B002N2S9OM_0.jpg,/B002N2S9OM_0.jpg,/B002N2S9OM_0.jpg;/B002N2S9OM_1.jpg,"BABYJOGGER-City-Mini","BABYJOGGER-City-Mini.html","",1 column,Product Info Column,"","","","",Use config,Use config,No,No,德品国际,Enabled,No,"Catalog, Search",Taxable Goods,"",Knits,"",,S,,Male,"<ul class='a-vertical a-spacing-none'><li><span style='font-size:15px'> Einzigartike patentierte Klapptechnik</span></li><li><span style='font-size:15px'> Super stabil</span></li><li><span style='font-size:15px'> Sehr leichtgängig  wendig</span></li></ul><span class='caretnext'></span><a id='seeMoreDetailsLink' class='a-link-normal' href='#productDetails'>Weitere Produktdetails</a>","<ul><li><b></b>:&nbsp87106</li><li><b></b>:&nbsp8 Kg</li><li><b></b>:&nbsp106,7 x 58,4 x 96,5 cm</li><li><b></b>:&nbsp5-Punkte-Sicherheits-Gurt, Verdeck, Einkaufsnetz, kompakt klappbar, Regenschutz, Schwenkrä,Einhändig klappbar</li><li><b></b>:&nbsp1</li></ul>",,,,,2013-03-01 00:00:00,,,,"399.0","219.84","8",,,5,0,1,0,0,1,1,1,0,1,1,,,1,0,1,0,1,0,1,0,0,0,1,Lexington Cardigan Sweater,0,simple,,
"admin","base","Default","","simple","14,170,178","B00JPLZ1SG", 0,"BABYJOGGER City Mini","","",/B00JPLZ1SG_0.jpg,/B00JPLZ1SG_0.jpg,/B00JPLZ1SG_0.jpg,/B00JPLZ1SG_0.jpg,"BABYJOGGER-City-Mini","BABYJOGGER-City-Mini.html","",1 column,Product Info Column,"","","","",Use config,Use config,No,No,德品国际,Enabled,No,"Catalog, Search",Taxable Goods,"SAND / STONE",Knits,"",,S,,Male,"","<ul><li><b></b>:&nbspSAND / STONE</li><li><b></b>:&nbsp</li><li><b></b>:&nbsp</li><li><b></b>:&nbsp</li><li><b></b>:&nbsp4</li></ul>",,,,,2013-03-01 00:00:00,,,,"399.0","219.84","",,,5,0,1,0,0,1,1,1,0,1,1,,,1,0,1,0,1,0,1,0,0,0,1,Lexington Cardigan Sweater,0,simple,,
"admin","base","Default","","simple","14,170,178","B00HT7D5GI", 0,"BABYJOGGER City Mini","","",/B00HT7D5GI_0.jpg,/B00HT7D5GI_0.jpg,/B00HT7D5GI_0.jpg,/B00HT7D5GI_0.jpg;/B00HT7D5GI_1.jpg,"BABYJOGGER-City-Mini","BABYJOGGER-City-Mini.html","",1 column,Product Info Column,"","","","",Use config,Use config,No,No,德品国际,Enabled,No,"Catalog, Search",Taxable Goods,"TEAL / GRAY",Knits,"",,S,,Male,"<ul class='a-vertical a-spacing-none'><li><span style='font-size:15px'> Verdeck, Einkaufsnetz, 5-Punkte-Sicherheits-Gurt, Schwenkrä</span></li></ul><span class='caretnext'></span><a id='seeMoreDetailsLink' class='a-link-normal' href='#productDetails'>Weitere Produktdetails</a>","<ul><li><b></b>:&nbspTEAL / GRAY</li><li><b></b>:&nbspVerdeck, Einkaufsnetz, 5-Punkte-Sicherheits-Gurt, Schwenkrä</li></ul>",,,,,2013-03-01 00:00:00,,,,"399.0","219.84","",,,5,0,1,0,0,1,1,1,0,1,1,,,1,0,1,0,1,0,1,0,0,0,1,Lexington Cardigan Sweater,0,simple,,
"admin","base","Default","","simple","14,170,178","B00KL66G8I", 0,"BABYJOGGER City Mini","","",/B00KL66G8I_0.jpg,/B00KL66G8I_0.jpg,/B00KL66G8I_0.jpg,/B00KL66G8I_0.jpg;/B00KL66G8I_1.jpg;/B00KL66G8I_2.jpg;/B00KL66G8I_3.jpg;/B00KL66G8I_4.jpg;/B00KL66G8I_5.jpg,"BABYJOGGER-City-Mini","BABYJOGGER-City-Mini.html","",1 column,Product Info Column,"","","","",Use config,Use config,No,No,德品国际,Enabled,No,"Catalog, Search",Taxable Goods,"",Knits,"",,S,,Male,"<ul class='a-vertical a-spacing-none'><li><span style='font-size:15px'> Technische Daten</span></li><li><span style='font-size:15px'> Altersempfehlung:</span></li><li><span style='font-size:15px'>  Zubehör ab Alter 0 / im Sitz ab dem Sitzalter ab ca. 6 Monaten,</span></li><li><span style='font-size:15px'> Gewicht:</span></li><li><span style='font-size:15px'> Single-Modell: 7,6 kg</span></li></ul><span class='caretnext'></span><a id='seeMoreDetailsLink' class='a-link-normal' href='#productDetails'>Weitere Produktdetails</a>","<ul><li><b></b>:&nbsp8 Kg</li><li><b></b>:&nbsp96 x 61 x 105 cm</li><li><b></b>:&nbsp15 Kilogramm</li><li><b></b>:&nbsp</li><li><b></b>:&nbspcertified frustration-free</li><li><b></b>:&nbspBlick in Fahrtrichtung</li></ul>",,,,,2013-03-01 00:00:00,,,,"399.0","219.84","8",,,5,0,1,0,0,1,1,1,0,1,1,,,1,0,1,0,1,0,1,0,0,0,1,Lexington Cardigan Sweater,0,simple,,
"admin","base","Default","","simple","14,170,178","B00G3XR8PS", 0,"BABYJOGGER City Mini GT","","",/B00G3XR8PS_0.jpg,/B00G3XR8PS_0.jpg,/B00G3XR8PS_0.jpg,/B00G3XR8PS_0.jpg;/B00G3XR8PS_1.jpg;/B00G3XR8PS_2.jpg;/B00G3XR8PS_3.jpg;/B00G3XR8PS_4.jpg;/B00G3XR8PS_5.jpg;/B00G3XR8PS_6.jpg;/B00G3XR8PS_7.jpg;/B00G3XR8PS_8.jpg;/B00G3XR8PS_9.jpg,"BABYJOGGER-City-Mini-GT","BABYJOGGER-City-Mini-GT.html","",1 column,Product Info Column,"","","","",Use config,Use config,No,No,德品国际,Enabled,No,"Catalog, Search",Taxable Goods,"Schwarz",Knits,"",,S,,Male,"<ul class='a-vertical a-spacing-none'><li><span style='font-size:15px'> Ultra flexibel  super leicht:  sportliche Allroer für alle Abenteuer. Jetzt auch als Double-Modell erhältlich!</span></li></ul><span class='caretnext'></span><a id='seeMoreDetailsLink' class='a-link-normal' href='#productDetails'>Weitere Produktdetails</a>","<ul><li><b></b>:&nbspBJ15410</li><li><b></b>:&nbsp12 Kg</li><li><b></b>:&nbsp112 x 62 x 110,5 cm</li><li><b></b>:&nbsp2014</li><li><b></b>:&nbsp</li><li><b></b>:&nbsp29.5 Kilogramm</li><li><b></b>:&nbspEinkaufskorb</li><li><b></b>:&nbsp</li><li><b></b>:&nbspcertified frustration-free</li><li><b></b>:&nbsp1</li></ul>",,,,,2013-03-01 00:00:00,,,,"569.0","315.84","12",,,5,0,1,0,0,1,1,1,0,1,1,,,1,0,1,0,1,0,1,0,0,0,1,Lexington Cardigan Sweater,0,simple,,
"admin","base","Default","","simple","14,170,178","B00155WJ4E", 0,"BABYJOGGER City Mini GT","","",/B00155WJ4E_0.jpg,/B00155WJ4E_0.jpg,/B00155WJ4E_0.jpg,/B00155WJ4E_0.jpg;/B00155WJ4E_1.jpg,"BABYJOGGER-City-Mini-GT","BABYJOGGER-City-Mini-GT.html","",1 column,Product Info Column,"","","","",Use config,Use config,No,No,德品国际,Enabled,No,"Catalog, Search",Taxable Goods,"",Knits,"",,S,,Male,"<ul class='a-vertical a-spacing-none'><li><span style='font-size:15px'> Safety bar for Baby Joger elite</span></li><li><span style='font-size:15px'> Bar of safety for your baby</span></li></ul><span class='caretnext'></span><a id='seeMoreDetailsLink' class='a-link-normal' href='#productDetails'>Weitere Produktdetails</a>","<ul><li><b></b>:&nbspJ7L80</li><li><b></b>:&nbsp499 g</li><li><b></b>:&nbsp41 x 16 x 6,5 cm</li><li><b></b>:&nbsp455 Gramm</li><li><b></b>:&nbsp43.5 Kilogramm</li><li><b></b>:&nbsp</li><li><b></b>:&nbsp1</li></ul>",,,,,2013-03-01 00:00:00,,,,"569.0","315.84","499",,,5,0,1,0,0,1,1,1,0,1,1,,,1,0,1,0,1,0,1,0,0,0,1,Lexington Cardigan Sweater,0,simple,,
"admin","base","Default","","simple","14,170,178","B00155WJ4E", 0,"BABYJOGGER City Mini GT","","",/B00155WJ4E_0.jpg,/B00155WJ4E_0.jpg,/B00155WJ4E_0.jpg,/B00155WJ4E_0.jpg;/B00155WJ4E_1.jpg,"BABYJOGGER-City-Mini-GT","BABYJOGGER-City-Mini-GT.html","",1 column,Product Info Column,"","","","",Use config,Use config,No,No,德品国际,Enabled,No,"Catalog, Search",Taxable Goods,"",Knits,"",,S,,Male,"<ul class='a-vertical a-spacing-none'><li><span style='font-size:15px'> Safety bar for Baby Joger elite</span></li><li><span style='font-size:15px'> Bar of safety for your baby</span></li></ul><span class='caretnext'></span><a id='seeMoreDetailsLink' class='a-link-normal' href='#productDetails'>Weitere Produktdetails</a>","<ul><li><b></b>:&nbspJ7L80</li><li><b></b>:&nbsp499 g</li><li><b></b>:&nbsp41 x 16 x 6,5 cm</li><li><b></b>:&nbsp455 Gramm</li><li><b></b>:&nbsp43.5 Kilogramm</li><li><b></b>:&nbsp</li><li><b></b>:&nbsp1</li></ul>",,,,,2013-03-01 00:00:00,,,,"569.0","315.84","499",,,5,0,1,0,0,1,1,1,0,1,1,,,1,0,1,0,1,0,1,0,0,0,1,Lexington Cardigan Sweater,0,simple,,
"admin","base","Default","","simple","14,170,178","B00155WJ4E", 0,"BABYJOGGER City Mini GT","","",/B00155WJ4E_0.jpg,/B00155WJ4E_0.jpg,/B00155WJ4E_0.jpg,/B00155WJ4E_0.jpg;/B00155WJ4E_1.jpg,"BABYJOGGER-City-Mini-GT","BABYJOGGER-City-Mini-GT.html","",1 column,Product Info Column,"","","","",Use config,Use config,No,No,德品国际,Enabled,No,"Catalog, Search",Taxable Goods,"",Knits,"",,S,,Male,"<ul class='a-vertical a-spacing-none'><li><span style='font-size:15px'> Safety bar for Baby Joger elite</span></li><li><span style='font-size:15px'> Bar of safety for your baby</span></li></ul><span class='caretnext'></span><a id='seeMoreDetailsLink' class='a-link-normal' href='#productDetails'>Weitere Produktdetails</a>","<ul><li><b></b>:&nbspJ7L80</li><li><b></b>:&nbsp499 g</li><li><b></b>:&nbsp41 x 16 x 6,5 cm</li><li><b></b>:&nbsp455 Gramm</li><li><b></b>:&nbsp43.5 Kilogramm</li><li><b></b>:&nbsp</li><li><b></b>:&nbsp1</li></ul>",,,,,2013-03-01 00:00:00,,,,"569.0","315.84","499",,,5,0,1,0,0,1,1,1,0,1,1,,,1,0,1,0,1,0,1,0,0,0,1,Lexington Cardigan Sweater,0,simple,,
"admin","base","Default","","simple","14,170,178","B00OJZ9UBM", 0,"BABYJOGGER Zip Einer","","",/B00OJZ9UBM_0.jpg,/B00OJZ9UBM_0.jpg,/B00OJZ9UBM_0.jpg,/B00OJZ9UBM_0.jpg;/B00OJZ9UBM_1.jpg;/B00OJZ9UBM_2.jpg;/B00OJZ9UBM_3.jpg;/B00OJZ9UBM_4.jpg;/B00OJZ9UBM_5.jpg;/B00OJZ9UBM_6.jpg,"BABYJOGGER-Zip-Einer","BABYJOGGER-Zip-Einer.html","",1 column,Product Info Column,"","","","",Use config,Use config,No,No,德品国际,Enabled,No,"Catalog, Search",Taxable Goods,"",Knits,"",,S,,Male,"<ul class='a-vertical a-spacing-none'><li><span style='font-size:15px'> Baby Jogger City Mini Zip Black</span></li></ul><span class='caretnext'></span><a id='seeMoreDetailsLink' class='a-link-normal' href='#productDetails'>Weitere Produktdetails</a>","<ul><li><b></b>:&nbspBJ24410</li><li><b></b>:&nbsp8 Kg</li><li><b></b>:&nbsp102 x 50 x 90 cm</li><li><b></b>:&nbsp24.9 Kilogramm</li><li><b></b>:&nbsp</li><li><b></b>:&nbsp</li><li><b></b>:&nbsp1</li><li><b></b>:&nbsp</li></ul>",,,,,2013-03-01 00:00:00,,,,"379.0","216.0","8",,,5,0,1,0,0,1,1,1,0,1,1,,,1,0,1,0,1,0,1,0,0,0,1,Lexington Cardigan Sweater,0,simple,,
"admin","base","Default","","simple","14,170,178","B00OC3XB0M", 0,"BABYJOGGER Zip Einer","","",/B00OC3XB0M_0.jpg,/B00OC3XB0M_0.jpg,/B00OC3XB0M_0.jpg,/B00OC3XB0M_0.jpg;/B00OC3XB0M_1.jpg;/B00OC3XB0M_2.jpg;/B00OC3XB0M_3.jpg;/B00OC3XB0M_4.jpg;/B00OC3XB0M_5.jpg;/B00OC3XB0M_6.jpg,"BABYJOGGER-Zip-Einer","BABYJOGGER-Zip-Einer.html","",1 column,Product Info Column,"","","","",Use config,Use config,No,No,德品国际,Enabled,No,"Catalog, Search",Taxable Goods,"",Knits,"",,S,,Male,"<ul class='a-vertical a-spacing-none'><li><span style='font-size:15px'> Baby Jogger City Mini Zip Red</span></li></ul><span class='caretnext'></span><a id='seeMoreDetailsLink' class='a-link-normal' href='#productDetails'>Weitere Produktdetails</a>","<ul><li><b></b>:&nbspBJ24430</li><li><b></b>:&nbsp8 Kg</li><li><b></b>:&nbsp102 x 50 x 90 cm</li><li><b></b>:&nbsp24.9 Kilogramm</li><li><b></b>:&nbsp</li><li><b></b>:&nbsp1</li></ul>",,,,,2013-03-01 00:00:00,,,,"379.0","216.0","8",,,5,0,1,0,0,1,1,1,0,1,1,,,1,0,1,0,1,0,1,0,0,0,1,Lexington Cardigan Sweater,0,simple,,
"admin","base","Default","","simple","14,170,178","B00OJZ9WHE", 0,"BABYJOGGER Zip Einer","","",/B00OJZ9WHE_0.jpg,/B00OJZ9WHE_0.jpg,/B00OJZ9WHE_0.jpg,/B00OJZ9WHE_0.jpg;/B00OJZ9WHE_1.jpg;/B00OJZ9WHE_2.jpg;/B00OJZ9WHE_3.jpg;/B00OJZ9WHE_4.jpg;/B00OJZ9WHE_5.jpg;/B00OJZ9WHE_6.jpg;/B00OJZ9WHE_7.jpg;/B00OJZ9WHE_8.jpg,"BABYJOGGER-Zip-Einer","BABYJOGGER-Zip-Einer.html","",1 column,Product Info Column,"","","","",Use config,Use config,No,No,德品国际,Enabled,No,"Catalog, Search",Taxable Goods,"",Knits,"",,S,,Male,"<ul class='a-vertical a-spacing-none'><li><span style='font-size:15px'> Technische Daten</span></li><li><span style='font-size:15px'> Altersempfehlung:</span></li><li><span style='font-size:15px'> Single-Modell: ab Alter 0 / im Sitz ab dem Sitzalter ab ca. 6 Monaten +</span></li><li><span style='font-size:15px'> Gewicht:</span></li><li><span style='font-size:15px'> Single-Modell: 7,3 kg</span></li></ul><span class='caretnext'></span><a id='seeMoreDetailsLink' class='a-link-normal' href='#productDetails'>Weitere Produktdetails</a>","<ul><li><b></b>:&nbspBJ24429</li><li><b></b>:&nbsp9 Kg</li><li><b></b>:&nbsp102 x 50 x 90 cm</li><li><b></b>:&nbsp25 Kilogramm</li><li><b></b>:&nbsp</li><li><b></b>:&nbspBlick in Fahrtrichtung</li><li><b></b>:&nbsp1</li></ul>",,,,,2013-03-01 00:00:00,,,,"379.0","216.0","9",,,5,0,1,0,0,1,1,1,0,1,1,,,1,0,1,0,1,0,1,0,0,0,1,Lexington Cardigan Sweater,0,simple,,
"admin","base","Default","","simple","14,170,178","B004J33JWK", 0,"BABYJOGGER Adapter","","",/B004J33JWK_0.jpg,/B004J33JWK_0.jpg,/B004J33JWK_0.jpg,/B004J33JWK_0.jpg;/B004J33JWK_1.jpg,"BABYJOGGER-Adapter","BABYJOGGER-Adapter.html","",1 column,Product Info Column,"","","","",Use config,Use config,No,No,德品国际,Enabled,No,"Catalog, Search",Taxable Goods,"",Knits,"",,S,,Male,"","<ul><li><b></b>:&nbsp51310</li><li><b></b>:&nbsp499 g</li><li><b></b>:&nbsp29 x 12,5 x 27 cm</li><li><b></b>:&nbsp9.1 Kilogramm</li><li><b></b>:&nbsp</li><li><b></b>:&nbspcertified frustration-free</li><li><b></b>:&nbsp2</li></ul>",,,,,2013-03-01 00:00:00,,,,"44.95","22.56","499",,,5,0,1,0,0,1,1,1,0,1,1,,,1,0,1,0,1,0,1,0,0,0,1,Lexington Cardigan Sweater,0,simple,,
"admin","base","Default","","simple","14,170,178","B00GOCUOJA", 0,"BABYJOGGER City Select","","",/B00GOCUOJA_0.jpg,/B00GOCUOJA_0.jpg,/B00GOCUOJA_0.jpg,/B00GOCUOJA_0.jpg;/B00GOCUOJA_1.jpg;/B00GOCUOJA_2.jpg;/B00GOCUOJA_3.jpg;/B00GOCUOJA_4.jpg;/B00GOCUOJA_5.jpg;/B00GOCUOJA_6.jpg;/B00GOCUOJA_7.jpg;/B00GOCUOJA_8.jpg;/B00GOCUOJA_9.jpg;/B00GOCUOJA_10.jpg,"BABYJOGGER-City-Select","BABYJOGGER-City-Select.html","",1 column,Product Info Column,"","","","",Use config,Use config,No,No,德品国际,Enabled,No,"Catalog, Search",Taxable Goods,"",Knits,"",,S,,Male,"<ul class='a-vertical a-spacing-none'><li><span style='font-size:15px'> 16 komfortable Möglichkeiten für Kin  ca. 4 Jahre. Ab Geburt nutzbar  Baby-Wanne o Autositz.  flexible fahrgelegenheit für  zu 3 Kin!</span></li></ul><span class='caretnext'></span><a id='seeMoreDetailsLink' class='a-link-normal' href='#productDetails'>Weitere Produktdetails</a>","<ul><li><b></b>:&nbspBJ23410</li><li><b></b>:&nbsp16 Kg</li><li><b></b>:&nbsp110,5 x 65,5 x 105,5 cm</li><li><b></b>:&nbsp2014</li><li><b></b>:&nbsp20.4 Kilogramm</li><li><b></b>:&nbsp</li><li><b></b>:&nbsp1</li></ul>",,,,,2013-03-01 00:00:00,,,,"749.0","431.04","16",,,5,0,1,0,0,1,1,1,0,1,1,,,1,0,1,0,1,0,1,0,0,0,1,Lexington Cardigan Sweater,0,simple,,
"admin","base","Default","","simple","14,170,178","B00GOCUROM", 0,"BABYJOGGER City Select","","",/B00GOCUROM_0.jpg,/B00GOCUROM_0.jpg,/B00GOCUROM_0.jpg,/B00GOCUROM_0.jpg;/B00GOCUROM_1.jpg;/B00GOCUROM_2.jpg;/B00GOCUROM_3.jpg;/B00GOCUROM_4.jpg;/B00GOCUROM_5.jpg;/B00GOCUROM_6.jpg;/B00GOCUROM_7.jpg;/B00GOCUROM_8.jpg;/B00GOCUROM_9.jpg;/B00GOCUROM_10.jpg,"BABYJOGGER-City-Select","BABYJOGGER-City-Select.html","",1 column,Product Info Column,"","","","",Use config,Use config,No,No,德品国际,Enabled,No,"Catalog, Search",Taxable Goods,"RED",Knits,"",,S,,Male,"<ul class='a-vertical a-spacing-none'><li><span style='font-size:15px'> Baby Jogger City Select Red 2014</span></li></ul><span class='caretnext'></span><a id='seeMoreDetailsLink' class='a-link-normal' href='#productDetails'>Weitere Produktdetails</a>","<ul><li><b></b>:&nbspNone</li><li><b></b>:&nbspBJ23436</li><li><b></b>:&nbsp16 Kg</li><li><b></b>:&nbsp110,5 x 65,5 x 105,5 cm</li><li><b></b>:&nbspRED</li><li><b></b>:&nbsp20.4 Kilogramm</li><li><b></b>:&nbspEinhändig klappbar</li><li><b></b>:&nbsp</li><li><b></b>:&nbsp1</li></ul>",,,,,2013-03-01 00:00:00,,,,"749.0","431.04","16",,,5,0,1,0,0,1,1,1,0,1,1,,,1,0,1,0,1,0,1,0,0,0,1,Lexington Cardigan Sweater,0,simple,,
"admin","base","Default","","simple","14,170,178","B00GOCUX96", 0,"BABYJOGGER City Select","","",/B00GOCUX96_0.jpg,/B00GOCUX96_0.jpg,/B00GOCUX96_0.jpg,/B00GOCUX96_0.jpg;/B00GOCUX96_1.jpg;/B00GOCUX96_2.jpg;/B00GOCUX96_3.jpg;/B00GOCUX96_4.jpg;/B00GOCUX96_5.jpg;/B00GOCUX96_6.jpg;/B00GOCUX96_7.jpg;/B00GOCUX96_8.jpg;/B00GOCUX96_9.jpg,"BABYJOGGER-City-Select","BABYJOGGER-City-Select.html","",1 column,Product Info Column,"","","","",Use config,Use config,No,No,德品国际,Enabled,No,"Catalog, Search",Taxable Goods,"",Knits,"",,S,,Male,"<ul class='a-vertical a-spacing-none'><li><span style='font-size:15px'> 16 komfortable Möglichkeiten für Kin  ca. 4 Jahre. Ab Geburt nutzbar  Baby-Wanne o Autositz.  flexible fahrgelegenheit für  zu 3 Kin!</span></li></ul><span class='caretnext'></span><a id='seeMoreDetailsLink' class='a-link-normal' href='#productDetails'>Weitere Produktdetails</a>","<ul><li><b></b>:&nbspBJ23429</li><li><b></b>:&nbsp16 Kg</li><li><b></b>:&nbsp110,5 x 65,5 x 105,5 cm</li><li><b></b>:&nbsp20.4 Kilogramm</li><li><b></b>:&nbsp</li><li><b></b>:&nbspBlick in Fahrtrichtung</li><li><b></b>:&nbsp1</li></ul>",,,,,2013-03-01 00:00:00,,,,"749.0","431.04","16",,,5,0,1,0,0,1,1,1,0,1,1,,,1,0,1,0,1,0,1,0,0,0,1,Lexington Cardigan Sweater,0,simple,,
"admin","base","Default","","simple","14,170,178","B00OC3X92W", 0,"BABYJOGGER City Select","","",/B00OC3X92W_0.jpg,/B00OC3X92W_0.jpg,/B00OC3X92W_0.jpg,/B00OC3X92W_0.jpg;/B00OC3X92W_1.jpg;/B00OC3X92W_2.jpg;/B00OC3X92W_3.jpg;/B00OC3X92W_4.jpg;/B00OC3X92W_5.jpg;/B00OC3X92W_6.jpg;/B00OC3X92W_7.jpg;/B00OC3X92W_8.jpg;/B00OC3X92W_9.jpg,"BABYJOGGER-City-Select","BABYJOGGER-City-Select.html","",1 column,Product Info Column,"","","","",Use config,Use config,No,No,德品国际,Enabled,No,"Catalog, Search",Taxable Goods,"",Knits,"",,S,,Male,"<ul class='a-vertical a-spacing-none'><li><span style='font-size:15px'> Technische Daten</span></li><li><span style='font-size:15px'> Altersempfehlung:</span></li><li><span style='font-size:15px'>  Zubehör ab Alter 0 /</span></li><li><span style='font-size:15px'> im Sitz ab dem Sitzalter ab ca. 6 Monaten +</span></li><li><span style='font-size:15px'> Gewicht:</span></li></ul><span class='caretnext'></span><a id='seeMoreDetailsLink' class='a-link-normal' href='#productDetails'>Weitere Produktdetails</a>","<ul><li><b></b>:&nbspBJ23457</li><li><b></b>:&nbsp13 Kg</li><li><b></b>:&nbsp110 x 63 x 98 cm</li><li><b></b>:&nbsp20.4 Kilogramm</li><li><b></b>:&nbsp</li></ul>",,,,,2013-03-01 00:00:00,,,,"749.0","431.04","13",,,5,0,1,0,0,1,1,1,0,1,1,,,1,0,1,0,1,0,1,0,0,0,1,Lexington Cardigan Sweater,0,simple,,
"admin","base","Default","","simple","14,170,178","B00J6G2IXQ", 0,"BABYJOGGER City Select","","",/B00J6G2IXQ_0.jpg,/B00J6G2IXQ_0.jpg,/B00J6G2IXQ_0.jpg,/B00J6G2IXQ_0.jpg;/B00J6G2IXQ_1.jpg;/B00J6G2IXQ_2.jpg;/B00J6G2IXQ_3.jpg,"BABYJOGGER-City-Select","BABYJOGGER-City-Select.html","",1 column,Product Info Column,"","","","",Use config,Use config,No,No,德品国际,Enabled,No,"Catalog, Search",Taxable Goods,"",Knits,"",,S,,Male,"<ul class='a-vertical a-spacing-none'><li><span style='font-size:15px'> Technische Daten</span></li><li><span style='font-size:15px'> Altersempfehlung:</span></li><li><span style='font-size:15px'>  Zubehör ab Alter 0 /</span></li><li><span style='font-size:15px'> im Sitz ab dem Sitzalter ab ca. 6 Monaten +</span></li><li><span style='font-size:15px'> Gewicht:</span></li></ul><span class='caretnext'></span><a id='seeMoreDetailsLink' class='a-link-normal' href='#productDetails'>Weitere Produktdetails</a>","<ul><li><b></b>:&nbspNone</li><li><b></b>:&nbsp13 Kg</li><li><b></b>:&nbsp110 x 63 x 98 cm</li><li><b></b>:&nbsp15 Kilogramm</li><li><b></b>:&nbsp5-Punkte-Sicherheits-Gurt</li><li><b></b>:&nbsp</li><li><b></b>:&nbspBlick in Fahrtrichtung</li><li><b></b>:&nbsp1</li></ul>",,,,,2013-03-01 00:00:00,,,,"779.0","446.4","13",,,5,0,1,0,0,1,1,1,0,1,1,,,1,0,1,0,1,0,1,0,0,0,1,Lexington Cardigan Sweater,0,simple,,
"admin","base","Default","","simple","14,170,178","B00GOCHFEC", 0,"BABYJOGGER City Select","","",/B00GOCHFEC_0.jpg,/B00GOCHFEC_0.jpg,/B00GOCHFEC_0.jpg,/B00GOCHFEC_0.jpg;/B00GOCHFEC_1.jpg;/B00GOCHFEC_2.jpg;/B00GOCHFEC_3.jpg;/B00GOCHFEC_4.jpg;/B00GOCHFEC_5.jpg,"BABYJOGGER-City-Select","BABYJOGGER-City-Select.html","",1 column,Product Info Column,"","","","",Use config,Use config,No,No,德品国际,Enabled,No,"Catalog, Search",Taxable Goods,"",Knits,"",,S,,Male,"<ul class='a-vertical a-spacing-none'><li><span style='font-size:15px'> Zweitsitz für Baby Jogger City Select Kinwagen,  Adapters, : Onyx</span></li></ul><span class='caretnext'></span><a id='seeMoreDetailsLink' class='a-link-normal' href='#productDetails'>Weitere Produktdetails</a>","<ul><li><b></b>:&nbspBJ03410</li><li><b></b>:&nbsp4,2 Kg</li><li><b></b>:&nbsp83 x 39 x 40 cm</li><li><b></b>:&nbsp2014</li><li><b></b>:&nbsp20.4 Kilogramm</li><li><b></b>:&nbsp</li><li><b></b>:&nbsp1</li></ul>",,,,,2013-03-01 00:00:00,,,,"269.0","148.8","4,2",,,5,0,1,0,0,1,1,1,0,1,1,,,1,0,1,0,1,0,1,0,0,0,1,Lexington Cardigan Sweater,0,simple,,
"admin","base","Default","","simple","14,170,178","B00GOCHGWS", 0,"BABYJOGGER City Select","","",/B00GOCHGWS_0.jpg,/B00GOCHGWS_0.jpg,/B00GOCHGWS_0.jpg,/B00GOCHGWS_0.jpg;/B00GOCHGWS_1.jpg;/B00GOCHGWS_2.jpg;/B00GOCHGWS_3.jpg;/B00GOCHGWS_4.jpg,"BABYJOGGER-City-Select","BABYJOGGER-City-Select.html","",1 column,Product Info Column,"","","","",Use config,Use config,No,No,德品国际,Enabled,No,"Catalog, Search",Taxable Goods,"",Knits,"",,S,,Male,"","<ul><li><b></b>:&nbspBJ03436</li><li><b></b>:&nbsp4,2 Kg</li><li><b></b>:&nbsp83 x 39 x 40 cm</li><li><b></b>:&nbsp20.4 Kilogramm</li><li><b></b>:&nbsp</li><li><b></b>:&nbsp1</li></ul>",,,,,2013-03-01 00:00:00,,,,"269.0","148.8","4,2",,,5,0,1,0,0,1,1,1,0,1,1,,,1,0,1,0,1,0,1,0,0,0,1,Lexington Cardigan Sweater,0,simple,,
"admin","base","Default","","simple","14,170,178","B00GOCHK2Y", 0,"BABYJOGGER City Select","","",/B00GOCHK2Y_0.jpg,/B00GOCHK2Y_0.jpg,/B00GOCHK2Y_0.jpg,/B00GOCHK2Y_0.jpg;/B00GOCHK2Y_1.jpg;/B00GOCHK2Y_2.jpg;/B00GOCHK2Y_3.jpg;/B00GOCHK2Y_4.jpg;/B00GOCHK2Y_5.jpg,"BABYJOGGER-City-Select","BABYJOGGER-City-Select.html","",1 column,Product Info Column,"","","","",Use config,Use config,No,No,德品国际,Enabled,No,"Catalog, Search",Taxable Goods,"TEAL",Knits,"",,S,,Male,"","<ul><li><b></b>:&nbspBJ03429</li><li><b></b>:&nbsp4,2 Kg</li><li><b></b>:&nbsp83 x 39 x 40 cm</li><li><b></b>:&nbspTEAL</li><li><b></b>:&nbsp20.4 Kilogramm</li><li><b></b>:&nbsp</li><li><b></b>:&nbsp1</li></ul>",,,,,2013-03-01 00:00:00,,,,"269.0","148.8","4,2",,,5,0,1,0,0,1,1,1,0,1,1,,,1,0,1,0,1,0,1,0,0,0,1,Lexington Cardigan Sweater,0,simple,,
"admin","base","Default","","simple","14,170,178","B00OC3X92W", 0,"BABYJOGGER City Select","","",/B00OC3X92W_0.jpg,/B00OC3X92W_0.jpg,/B00OC3X92W_0.jpg,/B00OC3X92W_0.jpg;/B00OC3X92W_1.jpg;/B00OC3X92W_2.jpg;/B00OC3X92W_3.jpg;/B00OC3X92W_4.jpg;/B00OC3X92W_5.jpg;/B00OC3X92W_6.jpg;/B00OC3X92W_7.jpg;/B00OC3X92W_8.jpg;/B00OC3X92W_9.jpg,"BABYJOGGER-City-Select","BABYJOGGER-City-Select.html","",1 column,Product Info Column,"","","","",Use config,Use config,No,No,德品国际,Enabled,No,"Catalog, Search",Taxable Goods,"",Knits,"",,S,,Male,"<ul class='a-vertical a-spacing-none'><li><span style='font-size:15px'> Technische Daten</span></li><li><span style='font-size:15px'> Altersempfehlung:</span></li><li><span style='font-size:15px'>  Zubehör ab Alter 0 /</span></li><li><span style='font-size:15px'> im Sitz ab dem Sitzalter ab ca. 6 Monaten +</span></li><li><span style='font-size:15px'> Gewicht:</span></li></ul><span class='caretnext'></span><a id='seeMoreDetailsLink' class='a-link-normal' href='#productDetails'>Weitere Produktdetails</a>","<ul><li><b></b>:&nbspBJ23457</li><li><b></b>:&nbsp13 Kg</li><li><b></b>:&nbsp110 x 63 x 98 cm</li><li><b></b>:&nbsp20.4 Kilogramm</li><li><b></b>:&nbsp</li></ul>",,,,,2013-03-01 00:00:00,,,,"269.0","148.8","13",,,5,0,1,0,0,1,1,1,0,1,1,,,1,0,1,0,1,0,1,0,0,0,1,Lexington Cardigan Sweater,0,simple,,
"admin","base","Default","","simple","14,170,178","B00JIWSMDI", 0,"BABYJOGGER City Select","","",/B00JIWSMDI_0.jpg,/B00JIWSMDI_0.jpg,/B00JIWSMDI_0.jpg,/B00JIWSMDI_0.jpg;/B00JIWSMDI_1.jpg,"BABYJOGGER-City-Select","BABYJOGGER-City-Select.html","",1 column,Product Info Column,"","","","",Use config,Use config,No,No,德品国际,Enabled,No,"Catalog, Search",Taxable Goods,"",Knits,"",,S,,Male,"","<ul><li><b></b>:&nbsp5 Kg</li><li><b></b>:&nbsp68,6 x 48,3 x 10,2 cm</li><li><b></b>:&nbsp</li></ul>",,,,,2013-03-01 00:00:00,,,,"289.0","160.32","5",,,5,0,1,0,0,1,1,1,0,1,1,,,1,0,1,0,1,0,1,0,0,0,1,Lexington Cardigan Sweater,0,simple,,
"admin","base","Default","","simple","14,170,178","B00I2ZUCG2", 0,"BABYJOGGER City Select","","",/B00I2ZUCG2_0.jpg,/B00I2ZUCG2_0.jpg,/B00I2ZUCG2_0.jpg,/B00I2ZUCG2_0.jpg;/B00I2ZUCG2_1.jpg,"BABYJOGGER-City-Select","BABYJOGGER-City-Select.html","",1 column,Product Info Column,"","","","",Use config,Use config,No,No,德品国际,Enabled,No,"Catalog, Search",Taxable Goods,"BLACK",Knits,"",,S,,Male,"","<ul><li><b></b>:&nbsp13 Kg</li><li><b></b>:&nbsp110,5 x 97,8 x 65,3 cm</li><li><b></b>:&nbspBLACK</li><li><b></b>:&nbsp</li></ul>",,,,,2013-03-01 00:00:00,,,,"37.95","20.06","13",,,5,0,1,0,0,1,1,1,0,1,1,,,1,0,1,0,1,0,1,0,0,0,1,Lexington Cardigan Sweater,0,simple,,
"admin","base","Default","","simple","14,170,178","B004J33JWK", 0,"BABYJOGGER City Select","","",/B004J33JWK_0.jpg,/B004J33JWK_0.jpg,/B004J33JWK_0.jpg,/B004J33JWK_0.jpg;/B004J33JWK_1.jpg,"BABYJOGGER-City-Select","BABYJOGGER-City-Select.html","",1 column,Product Info Column,"","","","",Use config,Use config,No,No,德品国际,Enabled,No,"Catalog, Search",Taxable Goods,"",Knits,"",,S,,Male,"","<ul><li><b></b>:&nbsp51310</li><li><b></b>:&nbsp499 g</li><li><b></b>:&nbsp29 x 12,5 x 27 cm</li><li><b></b>:&nbsp9.1 Kilogramm</li><li><b></b>:&nbsp</li><li><b></b>:&nbspcertified frustration-free</li><li><b></b>:&nbsp2</li></ul>",,,,,2013-03-01 00:00:00,,,,"44.95","22.56","499",,,5,0,1,0,0,1,1,1,0,1,1,,,1,0,1,0,1,0,1,0,0,0,1,Lexington Cardigan Sweater,0,simple,,
"admin","base","Default","","simple","14,170,175","B017VBFGKY", 0,"PEG Book 51 XL Modular","","",/B017VBFGKY_0.jpg,/B017VBFGKY_0.jpg,/B017VBFGKY_0.jpg,/B017VBFGKY_0.jpg,"PEG-Book-51-XL-Modular","PEG-Book-51-XL-Modular.html","",1 column,Product Info Column,"","","","",Use config,Use config,No,No,德品国际,Enabled,No,"Catalog, Search",Taxable Goods,"",Knits,"",,S,,Male,"<ul class='a-vertical a-spacing-none'><li><span style='font-size:15px'> PEG Book 51 XL Modular Gestell weiß, Ascot</span></li><li><span style='font-size:15px'> PEG Book 51 XL Modular Gestell weiß, Ascot</span></li></ul><span class='caretnext'></span><a id='seeMoreDetailsLink' class='a-link-normal' href='#productDetails'>Weitere Produktdetails</a>","<ul></ul>",,,,,2013-03-01 00:00:00,,,,"779.0","473.28","",,,5,0,1,0,0,1,1,1,0,1,1,,,1,0,1,0,1,0,1,0,0,0,1,Lexington Cardigan Sweater,0,simple,,
"admin","base","Default","","simple","14,170,175","B017VBFGKY", 0,"PEG Book 51 XL Modular","","",/B017VBFGKY_0.jpg,/B017VBFGKY_0.jpg,/B017VBFGKY_0.jpg,/B017VBFGKY_0.jpg,"PEG-Book-51-XL-Modular","PEG-Book-51-XL-Modular.html","",1 column,Product Info Column,"","","","",Use config,Use config,No,No,德品国际,Enabled,No,"Catalog, Search",Taxable Goods,"",Knits,"",,S,,Male,"<ul class='a-vertical a-spacing-none'><li><span style='font-size:15px'> PEG Book 51 XL Modular Gestell weiß, Ascot</span></li><li><span style='font-size:15px'> PEG Book 51 XL Modular Gestell weiß, Ascot</span></li></ul><span class='caretnext'></span><a id='seeMoreDetailsLink' class='a-link-normal' href='#productDetails'>Weitere Produktdetails</a>","<ul></ul>",,,,,2013-03-01 00:00:00,,,,"909.0","557.76","",,,5,0,1,0,0,1,1,1,0,1,1,,,1,0,1,0,1,0,1,0,0,0,1,Lexington Cardigan Sweater,0,simple,,
"admin","base","Default","","simple","14,170,175","B017VBFGKY", 0,"PEG Book S XL Modular","","",/B017VBFGKY_0.jpg,/B017VBFGKY_0.jpg,/B017VBFGKY_0.jpg,/B017VBFGKY_0.jpg,"PEG-Book-S-XL-Modular","PEG-Book-S-XL-Modular.html","",1 column,Product Info Column,"","","","",Use config,Use config,No,No,德品国际,Enabled,No,"Catalog, Search",Taxable Goods,"",Knits,"",,S,,Male,"<ul class='a-vertical a-spacing-none'><li><span style='font-size:15px'> PEG Book 51 XL Modular Gestell weiß, Ascot</span></li><li><span style='font-size:15px'> PEG Book 51 XL Modular Gestell weiß, Ascot</span></li></ul><span class='caretnext'></span><a id='seeMoreDetailsLink' class='a-link-normal' href='#productDetails'>Weitere Produktdetails</a>","<ul></ul>",,,,,2013-03-01 00:00:00,,,,"979.0","595.2","",,,5,0,1,0,0,1,1,1,0,1,1,,,1,0,1,0,1,0,1,0,0,0,1,Lexington Cardigan Sweater,0,simple,,
"admin","base","Default","","simple","14,170,175","B00D2SVMN6", 0,"PEG Basis Isofix 0+1","","",/B00D2SVMN6_0.jpg,/B00D2SVMN6_0.jpg,/B00D2SVMN6_0.jpg,/B00D2SVMN6_0.jpg;/B00D2SVMN6_1.jpg,"PEG-Basis-Isofix-0+1","PEG-Basis-Isofix-0+1.html","",1 column,Product Info Column,"","","","",Use config,Use config,No,No,德品国际,Enabled,No,"Catalog, Search",Taxable Goods,"grau-schwarz",Knits,"",,S,,Male,"<ul class='a-vertical a-spacing-none'><li><span style='font-size:15px'> Nur 1 Basis für 2 Autokinsitze aufeinanfolgen Gruppen: Passend für alle Primo Viaggio SL  Primo Viaggio Tri-Fix K (Gruppe 0+) sowie für Viaggio1 Duo-Fix (Gruppe 1)</span></li><li><span style='font-size:15px'> Inklusive verstellbarem Stützfuß: Individuell an Autos  Isofix-Vorrichtungen anpassbar</span></li><li><span style='font-size:15px'> Geprüft nach ECE R44/04</span></li><li><span style='font-size:15px'> Einfache  sichere Montage  Kontrollanzeige</span></li><li><span style='font-size:15px'> Sehr einfaches Ein-  Ausklinken des Kinautositzes im Auto</span></li></ul><span class='caretnext'></span><a id='seeMoreDetailsLink' class='a-link-normal' href='#productDetails'>Weitere Produktdetails</a>","<ul><li><b></b>:&nbspY3PVBAISOF</li><li><b></b>:&nbsp5 Kg</li><li><b></b>:&nbsp58 x 35 x 14 cm</li><li><b></b>:&nbspgrau-schwarz</li><li><b></b>:&nbsp</li><li><b></b>:&nbsp18 Kilogramm</li><li><b></b>:&nbsp</li><li><b></b>:&nbsp</li><li><b></b>:&nbsp</li><li><b></b>:&nbsp</li></ul>",,,,,2013-03-01 00:00:00,,,,"129.0","80.64","5",,,5,0,1,0,0,1,1,1,0,1,1,,,1,0,1,0,1,0,1,0,0,0,1,Lexington Cardigan Sweater,0,simple,,
